Afghanistan,60563,53750,2648
Albania,60563,53750,2648
Algeria,60563,53750,2648
Andorra,60563,53750,2648
Angola,60563,53750,2648
Antigua and Barbuda,60563,53750,2648
Argentina,60563,53750,2648
Armenia,60563,53750,2648
Australia,60563,53750,2648
Austria,60563,53750,2648
Azerbaijan,60563,53750,2648
Bahamas,60563,53750,2648
Bahrain,60563,53750,2648
Bangladesh,60563,53750,2648
Barbados,60563,53750,2648
Belarus,60563,53750,2648
Belgium,60563,53750,2648
Belize,60563,53750,2648
Benin,60563,53750,2648
Bhutan,60563,53750,2648
Bolivia,60563,53750,2648
Bosnia and Herzegovina,60563,53750,2648
Botswana,60563,53750,2648
Brazil,60563,53750,2648
Brunei,60563,53750,2648
Bulgaria,60563,53750,2648
Burkina Faso,60563,53750,2648
Burma,60563,53750,2648
Burundi,60563,53750,2648
Cabo Verde,60563,53750,2648
Cambodia,60563,53750,2648
Cameroon,60563,53750,2648
Canada,60563,53750,2648
Central African Republic,60563,53750,2648
Chad,60563,53750,2648
Chile,60563,53750,2648
China,60563,53750,2648
Colombia,60563,53750,2648
Comoros,60563,53750,2648
Congo (Brazzaville),60563,53750,2648
Congo (Kinshasa),60563,53750,2648
Costa Rica,60563,53750,2648
Cote d'Ivoire,60563,53750,2648
Croatia,60563,53750,2648
Cuba,60563,53750,2648
Cyprus,60563,53750,2648
Czechia,60563,53750,2648
Denmark,60563,53750,2648
Diamond Princess,60563,53750,2648
Djibouti,60563,53750,2648
Dominica,60563,53750,2648
Dominican Republic,60563,53750,2648
Ecuador,60563,53750,2648
Egypt,60563,53750,2648
El Salvador,60563,53750,2648
Equatorial Guinea,60563,53750,2648
Eritrea,60563,53750,2648
Estonia,60563,53750,2648
Eswatini,60563,53750,2648
Ethiopia,60563,53750,2648
Fiji,60563,53750,2648
Finland,60563,53750,2648
France,60563,53750,2648
Gabon,60563,53750,2648
Gambia,60563,53750,2648
Georgia,60563,53750,2648
Germany,60563,53750,2648
Ghana,60563,53750,2648
Greece,60563,53750,2648
Grenada,60563,53750,2648
Guatemala,60563,53750,2648
Guinea,60563,53750,2648
Guinea-Bissau,60563,53750,2648
Guyana,60563,53750,2648
Haiti,60563,53750,2648
Holy See,60563,53750,2648
Honduras,60563,53750,2648
Hungary,60563,53750,2648
Iceland,60563,53750,2648
India,60563,53750,2648
Indonesia,60563,53750,2648
Iran,60563,53750,2648
Iraq,60563,53750,2648
Ireland,60563,53750,2648
Israel,60563,53750,2648
Italy,60563,53750,2648
Jamaica,60563,53750,2648
Japan,60563,53750,2648
Jordan,60563,53750,2648
Kazakhstan,60563,53750,2648
Kenya,60563,53750,2648
"Korea, South",60563,53750,2648
Kosovo,60563,53750,2648
Kuwait,60563,53750,2648
Kyrgyzstan,60563,53750,2648
Laos,60563,53750,2648
Latvia,60563,53750,2648
Lebanon,60563,53750,2648
Lesotho,60563,53750,2648
Liberia,60563,53750,2648
Libya,60563,53750,2648
Liechtenstein,60563,53750,2648
Lithuania,60563,53750,2648
Luxembourg,60563,53750,2648
MS Zaandam,60563,53750,2648
Madagascar,60563,53750,2648
Malawi,60563,53750,2648
Malaysia,60563,53750,2648
Maldives,60563,53750,2648
Mali,60563,53750,2648
Malta,60563,53750,2648
Marshall Islands,60563,53750,2648
Mauritania,60563,53750,2648
Mauritius,60563,53750,2648
Mexico,60563,53750,2648
Micronesia,60563,53750,2648
Moldova,60563,53750,2648
Monaco,60563,53750,2648
Mongolia,60563,53750,2648
Montenegro,60563,53750,2648
Morocco,60563,53750,2648
Mozambique,60563,53750,2648
Namibia,60563,53750,2648
Nepal,60563,53750,2648
Netherlands,60563,53750,2648
New Zealand,60563,53750,2648
Nicaragua,60563,53750,2648
Niger,60563,53750,2648
Nigeria,60563,53750,2648
North Macedonia,60563,53750,2648
Norway,60563,53750,2648
Oman,60563,53750,2648
Pakistan,60563,53750,2648
Panama,60563,53750,2648
Papua New Guinea,60563,53750,2648
Paraguay,60563,53750,2648
Peru,60563,53750,2648
Philippines,60563,53750,2648
Poland,60563,53750,2648
Portugal,60563,53750,2648
Qatar,60563,53750,2648
Romania,60563,53750,2648
Russia,60563,53750,2648
Rwanda,60563,53750,2648
Saint Kitts and Nevis,60563,53750,2648
Saint Lucia,60563,53750,2648
Saint Vincent and the Grenadines,60563,53750,2648
Samoa,60563,53750,2648
San Marino,60563,53750,2648
Sao Tome and Principe,60563,53750,2648
Saudi Arabia,60563,53750,2648
Senegal,60563,53750,2648
Serbia,60563,53750,2648
Seychelles,60563,53750,2648
Sierra Leone,60563,53750,2648
Singapore,60563,53750,2648
Slovakia,60563,53750,2648
Slovenia,60563,53750,2648
Solomon Islands,60563,53750,2648
Somalia,60563,53750,2648
South Africa,60563,53750,2648
South Sudan,60563,53750,2648
Spain,60563,53750,2648
Sri Lanka,60563,53750,2648
Sudan,60563,53750,2648
Suriname,60563,53750,2648
Sweden,60563,53750,2648
Switzerland,60563,53750,2648
Syria,60563,53750,2648
Taiwan*,60563,53750,2648
Tajikistan,60563,53750,2648
Tanzania,60563,53750,2648
Thailand,60563,53750,2648
Timor-Leste,60563,53750,2648
Togo,60563,53750,2648
Trinidad and Tobago,60563,53750,2648
Tunisia,60563,53750,2648
Turkey,60563,53750,2648
Uganda,60563,53750,2648
Ukraine,60563,53750,2648
United Arab Emirates,60563,53750,2648
United Kingdom,60563,53750,2648
Uruguay,60563,53750,2648
Uzbekistan,60563,53750,2648
Vanuatu,60563,53750,2648
Venezuela,60563,53750,2648
Vietnam,60563,53750,2648
West Bank and Gaza,60563,53750,2648
Yemen,60563,53750,2648
Zambia,60563,53750,2648
Zimbabwe,60563,53750,2648
US,60563,53750,2648
Global,60563,53750,2648
Afghanistan,,,
Albania,,,
Algeria,,,
Andorra,,,
Angola,,,
Antigua and Barbuda,,,
Argentina,,,
Armenia,,,
Australia,1010,975,9
Austria,1010,975,9
Azerbaijan,1010,975,9
Bahamas,1010,975,9
Bahrain,1010,975,9
Bangladesh,1010,975,9
Barbados,1010,975,9
Belarus,1010,975,9
Belgium,1010,975,9
Belize,1010,975,9
Benin,1010,975,9
Bhutan,1010,975,9
Bolivia,1010,975,9
Bosnia and Herzegovina,1010,975,9
Botswana,1010,975,9
Brazil,1010,975,9
Brunei,1010,975,9
Bulgaria,1010,975,9
Burkina Faso,1010,975,9
Burma,1010,975,9
Burundi,1010,975,9
Cabo Verde,1010,975,9
Cambodia,1010,975,9
Cameroon,1010,975,9
Canada,1010,975,9
Central African Republic,1010,975,9
Chad,1010,975,9
Chile,1010,975,9
China,1010,975,9
Colombia,1010,975,9
Comoros,1010,975,9
Congo (Brazzaville),1010,975,9
Congo (Kinshasa),1010,975,9
Costa Rica,1010,975,9
Cote d'Ivoire,1010,975,9
Croatia,1010,975,9
Cuba,1010,975,9
Cyprus,1010,975,9
Czechia,1010,975,9
Denmark,1010,975,9
Diamond Princess,1010,975,9
Djibouti,1010,975,9
Dominica,1010,975,9
Dominican Republic,1010,975,9
Ecuador,1010,975,9
Egypt,1010,975,9
El Salvador,1010,975,9
Equatorial Guinea,1010,975,9
Eritrea,1010,975,9
Estonia,1010,975,9
Eswatini,1010,975,9
Ethiopia,1010,975,9
Fiji,1010,975,9
Finland,1010,975,9
France,1010,975,9
Gabon,1010,975,9
Gambia,1010,975,9
Georgia,1010,975,9
Germany,1010,975,9
Ghana,1010,975,9
Greece,1010,975,9
Grenada,1010,975,9
Guatemala,1010,975,9
Guinea,1010,975,9
Guinea-Bissau,1010,975,9
Guyana,1010,975,9
Haiti,1010,975,9
Holy See,1010,975,9
Honduras,1010,975,9
Hungary,1010,975,9
Iceland,1010,975,9
India,1010,975,9
Indonesia,1010,975,9
Iran,1010,975,9
Iraq,1010,975,9
Ireland,1010,975,9
Israel,1010,975,9
Italy,1010,975,9
Jamaica,1010,975,9
Japan,1010,975,9
Jordan,1010,975,9
Kazakhstan,1010,975,9
Kenya,1010,975,9
"Korea, South",1010,975,9
Kosovo,1010,975,9
Kuwait,1010,975,9
Kyrgyzstan,1010,975,9
Laos,1010,975,9
Latvia,1010,975,9
Lebanon,1010,975,9
Lesotho,1010,975,9
Liberia,1010,975,9
Libya,1010,975,9
Liechtenstein,1010,975,9
Lithuania,1010,975,9
Luxembourg,1010,975,9
MS Zaandam,1010,975,9
Madagascar,1010,975,9
Malawi,1010,975,9
Malaysia,1010,975,9
Maldives,1010,975,9
Mali,1010,975,9
Malta,1010,975,9
Marshall Islands,1010,975,9
Mauritania,1010,975,9
Mauritius,1010,975,9
Mexico,1010,975,9
Micronesia,1010,975,9
Moldova,1010,975,9
Monaco,1010,975,9
Mongolia,1010,975,9
Montenegro,1010,975,9
Morocco,1010,975,9
Mozambique,1010,975,9
Namibia,1010,975,9
Nepal,1010,975,9
Netherlands,1010,975,9
New Zealand,1010,975,9
Nicaragua,1010,975,9
Niger,1010,975,9
Nigeria,1010,975,9
North Macedonia,1010,975,9
Norway,1010,975,9
Oman,1010,975,9
Pakistan,1010,975,9
Panama,1010,975,9
Papua New Guinea,1010,975,9
Paraguay,1010,975,9
Peru,1010,975,9
Philippines,1010,975,9
Poland,1010,975,9
Portugal,1010,975,9
Qatar,1010,975,9
Romania,1010,975,9
Russia,1010,975,9
Rwanda,1010,975,9
Saint Kitts and Nevis,1010,975,9
Saint Lucia,1010,975,9
Saint Vincent and the Grenadines,1010,975,9
Samoa,1010,975,9
San Marino,1010,975,9
Sao Tome and Principe,1010,975,9
Saudi Arabia,1010,975,9
Senegal,1010,975,9
Serbia,1010,975,9
Seychelles,1010,975,9
Sierra Leone,1010,975,9
Singapore,1010,975,9
Slovakia,1010,975,9
Slovenia,1010,975,9
Solomon Islands,1010,975,9
Somalia,1010,975,9
South Africa,1010,975,9
South Sudan,1010,975,9
Spain,1010,975,9
Sri Lanka,1010,975,9
Sudan,1010,975,9
Suriname,1010,975,9
Sweden,1010,975,9
Switzerland,1010,975,9
Syria,1010,975,9
Taiwan*,1010,975,9
Tajikistan,1010,975,9
Tanzania,1010,975,9
Thailand,1010,975,9
Timor-Leste,1010,975,9
Togo,1010,975,9
Trinidad and Tobago,1010,975,9
Tunisia,1010,975,9
Turkey,1010,975,9
Uganda,1010,975,9
Ukraine,1010,975,9
United Arab Emirates,1010,975,9
United Kingdom,1010,975,9
Uruguay,1010,975,9
Uzbekistan,1010,975,9
Vanuatu,1010,975,9
Venezuela,1010,975,9
Vietnam,1010,975,9
West Bank and Gaza,1010,975,9
Yemen,1010,975,9
Zambia,1010,975,9
Zimbabwe,1010,975,9
US,1010,975,9
Global,1010,975,9
Afghanistan,60563,53750,2648
Albania,60563,53750,2648
Algeria,60563,53750,2648
Andorra,60563,53750,2648
Angola,60563,53750,2648
Antigua and Barbuda,60563,53750,2648
Argentina,60563,53750,2648
Armenia,60563,53750,2648
Australia,60563,53750,2648
Austria,60563,53750,2648
Azerbaijan,60563,53750,2648
Bahamas,60563,53750,2648
Bahrain,60563,53750,2648
Bangladesh,60563,53750,2648
Barbados,60563,53750,2648
Belarus,60563,53750,2648
Belgium,60563,53750,2648
Belize,60563,53750,2648
Benin,60563,53750,2648
Bhutan,60563,53750,2648
Bolivia,60563,53750,2648
Bosnia and Herzegovina,60563,53750,2648
Botswana,60563,53750,2648
Brazil,60563,53750,2648
Brunei,60563,53750,2648
Bulgaria,60563,53750,2648
Burkina Faso,60563,53750,2648
Burma,60563,53750,2648
Burundi,60563,53750,2648
Cabo Verde,60563,53750,2648
Cambodia,60563,53750,2648
Cameroon,60563,53750,2648
Canada,60563,53750,2648
Central African Republic,60563,53750,2648
Chad,60563,53750,2648
Chile,60563,53750,2648
China,60563,53750,2648
Colombia,60563,53750,2648
Comoros,60563,53750,2648
Congo (Brazzaville),60563,53750,2648
Congo (Kinshasa),60563,53750,2648
Costa Rica,60563,53750,2648
Cote d'Ivoire,60563,53750,2648
Croatia,60563,53750,2648
Cuba,60563,53750,2648
Cyprus,60563,53750,2648
Czechia,60563,53750,2648
Denmark,60563,53750,2648
Diamond Princess,60563,53750,2648
Djibouti,60563,53750,2648
Dominica,60563,53750,2648
Dominican Republic,60563,53750,2648
Ecuador,60563,53750,2648
Egypt,60563,53750,2648
El Salvador,60563,53750,2648
Equatorial Guinea,60563,53750,2648
Eritrea,60563,53750,2648
Estonia,60563,53750,2648
Eswatini,60563,53750,2648
Ethiopia,60563,53750,2648
Fiji,60563,53750,2648
Finland,60563,53750,2648
France,60563,53750,2648
Gabon,60563,53750,2648
Gambia,60563,53750,2648
Georgia,60563,53750,2648
Germany,60563,53750,2648
Ghana,60563,53750,2648
Greece,60563,53750,2648
Grenada,60563,53750,2648
Guatemala,60563,53750,2648
Guinea,60563,53750,2648
Guinea-Bissau,60563,53750,2648
Guyana,60563,53750,2648
Haiti,60563,53750,2648
Holy See,60563,53750,2648
Honduras,60563,53750,2648
Hungary,60563,53750,2648
Iceland,60563,53750,2648
India,60563,53750,2648
Indonesia,60563,53750,2648
Iran,60563,53750,2648
Iraq,60563,53750,2648
Ireland,60563,53750,2648
Israel,60563,53750,2648
Italy,60563,53750,2648
Jamaica,60563,53750,2648
Japan,60563,53750,2648
Jordan,60563,53750,2648
Kazakhstan,60563,53750,2648
Kenya,60563,53750,2648
"Korea, South",60563,53750,2648
Kosovo,60563,53750,2648
Kuwait,60563,53750,2648
Kyrgyzstan,60563,53750,2648
Laos,60563,53750,2648
Latvia,60563,53750,2648
Lebanon,60563,53750,2648
Lesotho,60563,53750,2648
Liberia,60563,53750,2648
Libya,60563,53750,2648
Liechtenstein,60563,53750,2648
Lithuania,60563,53750,2648
Luxembourg,60563,53750,2648
MS Zaandam,60563,53750,2648
Madagascar,60563,53750,2648
Malawi,60563,53750,2648
Malaysia,60563,53750,2648
Maldives,60563,53750,2648
Mali,60563,53750,2648
Malta,60563,53750,2648
Marshall Islands,60563,53750,2648
Mauritania,60563,53750,2648
Mauritius,60563,53750,2648
Mexico,60563,53750,2648
Micronesia,60563,53750,2648
Moldova,60563,53750,2648
Monaco,60563,53750,2648
Mongolia,60563,53750,2648
Montenegro,60563,53750,2648
Morocco,60563,53750,2648
Mozambique,60563,53750,2648
Namibia,60563,53750,2648
Nepal,60563,53750,2648
Netherlands,60563,53750,2648
New Zealand,60563,53750,2648
Nicaragua,60563,53750,2648
Niger,60563,53750,2648
Nigeria,60563,53750,2648
North Macedonia,60563,53750,2648
Norway,60563,53750,2648
Oman,60563,53750,2648
Pakistan,60563,53750,2648
Panama,60563,53750,2648
Papua New Guinea,60563,53750,2648
Paraguay,60563,53750,2648
Peru,60563,53750,2648
Philippines,60563,53750,2648
Poland,60563,53750,2648
Portugal,60563,53750,2648
Qatar,60563,53750,2648
Romania,60563,53750,2648
Russia,60563,53750,2648
Rwanda,60563,53750,2648
Saint Kitts and Nevis,60563,53750,2648
Saint Lucia,60563,53750,2648
Saint Vincent and the Grenadines,60563,53750,2648
Samoa,60563,53750,2648
San Marino,60563,53750,2648
Sao Tome and Principe,60563,53750,2648
Saudi Arabia,60563,53750,2648
Senegal,60563,53750,2648
Serbia,60563,53750,2648
Seychelles,60563,53750,2648
Sierra Leone,60563,53750,2648
Singapore,60563,53750,2648
Slovakia,60563,53750,2648
Slovenia,60563,53750,2648
Solomon Islands,60563,53750,2648
Somalia,60563,53750,2648
South Africa,60563,53750,2648
South Sudan,60563,53750,2648
Spain,60563,53750,2648
Sri Lanka,60563,53750,2648
Sudan,60563,53750,2648
Suriname,60563,53750,2648
Sweden,60563,53750,2648
Switzerland,60563,53750,2648
Syria,60563,53750,2648
Taiwan*,60563,53750,2648
Tajikistan,60563,53750,2648
Tanzania,60563,53750,2648
Thailand,60563,53750,2648
Timor-Leste,60563,53750,2648
Togo,60563,53750,2648
Trinidad and Tobago,60563,53750,2648
Tunisia,60563,53750,2648
Turkey,60563,53750,2648
Uganda,60563,53750,2648
Ukraine,60563,53750,2648
United Arab Emirates,60563,53750,2648
United Kingdom,60563,53750,2648
Uruguay,60563,53750,2648
Uzbekistan,60563,53750,2648
Vanuatu,60563,53750,2648
Venezuela,60563,53750,2648
Vietnam,60563,53750,2648
West Bank and Gaza,60563,53750,2648
Yemen,60563,53750,2648
Zambia,60563,53750,2648
Zimbabwe,60563,53750,2648
US,60563,53750,2648
Global,60563,53750,2648
Afghanistan,60563,53750,2648
Albania,60563,53750,2648
Algeria,60563,53750,2648
Andorra,60563,53750,2648
Angola,60563,53750,2648
Antigua and Barbuda,60563,53750,2648
Argentina,60563,53750,2648
Armenia,60563,53750,2648
Australia,60563,53750,2648
Austria,60563,53750,2648
Azerbaijan,60563,53750,2648
Bahamas,60563,53750,2648
Bahrain,60563,53750,2648
Bangladesh,60563,53750,2648
Barbados,60563,53750,2648
Belarus,60563,53750,2648
Belgium,60563,53750,2648
Belize,60563,53750,2648
Benin,60563,53750,2648
Bhutan,60563,53750,2648
Bolivia,60563,53750,2648
Bosnia and Herzegovina,60563,53750,2648
Botswana,60563,53750,2648
Brazil,60563,53750,2648
Brunei,60563,53750,2648
Bulgaria,60563,53750,2648
Burkina Faso,60563,53750,2648
Burma,60563,53750,2648
Burundi,60563,53750,2648
Cabo Verde,60563,53750,2648
Cambodia,60563,53750,2648
Cameroon,60563,53750,2648
Canada,60563,53750,2648
Central African Republic,60563,53750,2648
Chad,60563,53750,2648
Chile,60563,53750,2648
China,60563,53750,2648
Colombia,60563,53750,2648
Comoros,60563,53750,2648
Congo (Brazzaville),60563,53750,2648
Congo (Kinshasa),60563,53750,2648
Costa Rica,60563,53750,2648
Cote d'Ivoire,60563,53750,2648
Croatia,60563,53750,2648
Cuba,60563,53750,2648
Cyprus,60563,53750,2648
Czechia,60563,53750,2648
Denmark,60563,53750,2648
Diamond Princess,60563,53750,2648
Djibouti,60563,53750,2648
Dominica,60563,53750,2648
Dominican Republic,60563,53750,2648
Ecuador,60563,53750,2648
Egypt,60563,53750,2648
El Salvador,60563,53750,2648
Equatorial Guinea,60563,53750,2648
Eritrea,60563,53750,2648
Estonia,60563,53750,2648
Eswatini,60563,53750,2648
Ethiopia,60563,53750,2648
Fiji,60563,53750,2648
Finland,60563,53750,2648
France,60563,53750,2648
Gabon,60563,53750,2648
Gambia,60563,53750,2648
Georgia,60563,53750,2648
Germany,60563,53750,2648
Ghana,60563,53750,2648
Greece,60563,53750,2648
Grenada,60563,53750,2648
Guatemala,60563,53750,2648
Guinea,60563,53750,2648
Guinea-Bissau,60563,53750,2648
Guyana,60563,53750,2648
Haiti,60563,53750,2648
Holy See,60563,53750,2648
Honduras,60563,53750,2648
Hungary,60563,53750,2648
Iceland,60563,53750,2648
India,60563,53750,2648
Indonesia,60563,53750,2648
Iran,60563,53750,2648
Iraq,60563,53750,2648
Ireland,60563,53750,2648
Israel,60563,53750,2648
Italy,60563,53750,2648
Jamaica,60563,53750,2648
Japan,60563,53750,2648
Jordan,60563,53750,2648
Kazakhstan,60563,53750,2648
Kenya,60563,53750,2648
"Korea, South",60563,53750,2648
Kosovo,60563,53750,2648
Kuwait,60563,53750,2648
Kyrgyzstan,60563,53750,2648
Laos,60563,53750,2648
Latvia,60563,53750,2648
Lebanon,60563,53750,2648
Lesotho,60563,53750,2648
Liberia,60563,53750,2648
Libya,60563,53750,2648
Liechtenstein,60563,53750,2648
Lithuania,60563,53750,2648
Luxembourg,60563,53750,2648
MS Zaandam,60563,53750,2648
Madagascar,60563,53750,2648
Malawi,60563,53750,2648
Malaysia,60563,53750,2648
Maldives,60563,53750,2648
Mali,60563,53750,2648
Malta,60563,53750,2648
Marshall Islands,60563,53750,2648
Mauritania,60563,53750,2648
Mauritius,60563,53750,2648
Mexico,60563,53750,2648
Micronesia,60563,53750,2648
Moldova,60563,53750,2648
Monaco,60563,53750,2648
Mongolia,60563,53750,2648
Montenegro,60563,53750,2648
Morocco,60563,53750,2648
Mozambique,60563,53750,2648
Namibia,60563,53750,2648
Nepal,60563,53750,2648
Netherlands,60563,53750,2648
New Zealand,60563,53750,2648
Nicaragua,60563,53750,2648
Niger,60563,53750,2648
Nigeria,60563,53750,2648
North Macedonia,60563,53750,2648
Norway,60563,53750,2648
Oman,60563,53750,2648
Pakistan,60563,53750,2648
Panama,60563,53750,2648
Papua New Guinea,60563,53750,2648
Paraguay,60563,53750,2648
Peru,60563,53750,2648
Philippines,60563,53750,2648
Poland,60563,53750,2648
Portugal,60563,53750,2648
Qatar,60563,53750,2648
Romania,60563,53750,2648
Russia,60563,53750,2648
Rwanda,60563,53750,2648
Saint Kitts and Nevis,60563,53750,2648
Saint Lucia,60563,53750,2648
Saint Vincent and the Grenadines,60563,53750,2648
Samoa,60563,53750,2648
San Marino,60563,53750,2648
Sao Tome and Principe,60563,53750,2648
Saudi Arabia,60563,53750,2648
Senegal,60563,53750,2648
Serbia,60563,53750,2648
Seychelles,60563,53750,2648
Sierra Leone,60563,53750,2648
Singapore,60563,53750,2648
Slovakia,60563,53750,2648
Slovenia,60563,53750,2648
Solomon Islands,60563,53750,2648
Somalia,60563,53750,2648
South Africa,60563,53750,2648
South Sudan,60563,53750,2648
Spain,60563,53750,2648
Sri Lanka,60563,53750,2648
Sudan,60563,53750,2648
Suriname,60563,53750,2648
Sweden,60563,53750,2648
Switzerland,60563,53750,2648
Syria,60563,53750,2648
Taiwan*,60563,53750,2648
Tajikistan,60563,53750,2648
Tanzania,60563,53750,2648
Thailand,60563,53750,2648
Timor-Leste,60563,53750,2648
Togo,60563,53750,2648
Trinidad and Tobago,60563,53750,2648
Tunisia,60563,53750,2648
Turkey,60563,53750,2648
Uganda,60563,53750,2648
Ukraine,60563,53750,2648
United Arab Emirates,60563,53750,2648
United Kingdom,60563,53750,2648
Uruguay,60563,53750,2648
Uzbekistan,60563,53750,2648
Vanuatu,60563,53750,2648
Venezuela,60563,53750,2648
Vietnam,60563,53750,2648
West Bank and Gaza,60563,53750,2648
Yemen,60563,53750,2648
Zambia,60563,53750,2648
Zimbabwe,60563,53750,2648
US,60563,53750,2648
Global,60563,53750,2648
Afghanistan,,,
Albania,,,
Algeria,,,
Andorra,,,
Angola,,,
Antigua and Barbuda,,,
Argentina,,,
Armenia,,,
Australia,234,221,13
Austria,234,221,13
Azerbaijan,234,221,13
Bahamas,234,221,13
Bahrain,234,221,13
Bangladesh,234,221,13
Barbados,234,221,13
Belarus,234,221,13
Belgium,234,221,13
Belize,234,221,13
Benin,234,221,13
Bhutan,234,221,13
Bolivia,234,221,13
Bosnia and Herzegovina,234,221,13
Botswana,234,221,13
Brazil,234,221,13
Brunei,234,221,13
Bulgaria,234,221,13
Burkina Faso,234,221,13
Burma,234,221,13
Burundi,234,221,13
Cabo Verde,234,221,13
Cambodia,234,221,13
Cameroon,234,221,13
Canada,234,221,13
Central African Republic,234,221,13
Chad,234,221,13
Chile,234,221,13
China,234,221,13
Colombia,234,221,13
Comoros,234,221,13
Congo (Brazzaville),234,221,13
Congo (Kinshasa),234,221,13
Costa Rica,234,221,13
Cote d'Ivoire,234,221,13
Croatia,234,221,13
Cuba,234,221,13
Cyprus,234,221,13
Czechia,234,221,13
Denmark,234,221,13
Diamond Princess,234,221,13
Djibouti,234,221,13
Dominica,234,221,13
Dominican Republic,234,221,13
Ecuador,234,221,13
Egypt,234,221,13
El Salvador,234,221,13
Equatorial Guinea,234,221,13
Eritrea,234,221,13
Estonia,234,221,13
Eswatini,234,221,13
Ethiopia,234,221,13
Fiji,234,221,13
Finland,234,221,13
France,234,221,13
Gabon,234,221,13
Gambia,234,221,13
Georgia,234,221,13
Germany,234,221,13
Ghana,234,221,13
Greece,234,221,13
Grenada,234,221,13
Guatemala,234,221,13
Guinea,234,221,13
Guinea-Bissau,234,221,13
Guyana,234,221,13
Haiti,234,221,13
Holy See,234,221,13
Honduras,234,221,13
Hungary,234,221,13
Iceland,234,221,13
India,234,221,13
Indonesia,234,221,13
Iran,234,221,13
Iraq,234,221,13
Ireland,234,221,13
Israel,234,221,13
Italy,234,221,13
Jamaica,234,221,13
Japan,234,221,13
Jordan,234,221,13
Kazakhstan,234,221,13
Kenya,234,221,13
"Korea, South",234,221,13
Kosovo,234,221,13
Kuwait,234,221,13
Kyrgyzstan,234,221,13
Laos,234,221,13
Latvia,234,221,13
Lebanon,234,221,13
Lesotho,234,221,13
Liberia,234,221,13
Libya,234,221,13
Liechtenstein,234,221,13
Lithuania,234,221,13
Luxembourg,234,221,13
MS Zaandam,234,221,13
Madagascar,234,221,13
Malawi,234,221,13
Malaysia,234,221,13
Maldives,234,221,13
Mali,234,221,13
Malta,234,221,13
Marshall Islands,234,221,13
Mauritania,234,221,13
Mauritius,234,221,13
Mexico,234,221,13
Micronesia,234,221,13
Moldova,234,221,13
Monaco,234,221,13
Mongolia,234,221,13
Montenegro,234,221,13
Morocco,234,221,13
Mozambique,234,221,13
Namibia,234,221,13
Nepal,234,221,13
Netherlands,234,221,13
New Zealand,234,221,13
Nicaragua,234,221,13
Niger,234,221,13
Nigeria,234,221,13
North Macedonia,234,221,13
Norway,234,221,13
Oman,234,221,13
Pakistan,234,221,13
Panama,234,221,13
Papua New Guinea,234,221,13
Paraguay,234,221,13
Peru,234,221,13
Philippines,234,221,13
Poland,234,221,13
Portugal,234,221,13
Qatar,234,221,13
Romania,234,221,13
Russia,234,221,13
Rwanda,234,221,13
Saint Kitts and Nevis,234,221,13
Saint Lucia,234,221,13
Saint Vincent and the Grenadines,234,221,13
Samoa,234,221,13
San Marino,234,221,13
Sao Tome and Principe,234,221,13
Saudi Arabia,234,221,13
Senegal,234,221,13
Serbia,234,221,13
Seychelles,234,221,13
Sierra Leone,234,221,13
Singapore,234,221,13
Slovakia,234,221,13
Slovenia,234,221,13
Solomon Islands,234,221,13
Somalia,234,221,13
South Africa,234,221,13
South Sudan,234,221,13
Spain,234,221,13
Sri Lanka,234,221,13
Sudan,234,221,13
Suriname,234,221,13
Sweden,234,221,13
Switzerland,234,221,13
Syria,234,221,13
Taiwan*,234,221,13
Tajikistan,234,221,13
Tanzania,234,221,13
Thailand,234,221,13
Timor-Leste,234,221,13
Togo,234,221,13
Trinidad and Tobago,234,221,13
Tunisia,234,221,13
Turkey,234,221,13
Uganda,234,221,13
Ukraine,234,221,13
United Arab Emirates,234,221,13
United Kingdom,234,221,13
Uruguay,234,221,13
Uzbekistan,234,221,13
Vanuatu,234,221,13
Venezuela,234,221,13
Vietnam,234,221,13
West Bank and Gaza,234,221,13
Yemen,234,221,13
Zambia,234,221,13
Zimbabwe,234,221,13
US,234,221,13
Global,234,221,13
Afghanistan,,,
Albania,,,
Algeria,,,
Andorra,,,
Angola,,,
Antigua and Barbuda,,,
Argentina,,,
Armenia,,,
Australia,20524,19684,820
Austria,20524,19684,820
Azerbaijan,20524,19684,820
Bahamas,20524,19684,820
Bahrain,20524,19684,820
Bangladesh,20524,19684,820
Barbados,20524,19684,820
Belarus,20524,19684,820
Belgium,20524,19684,820
Belize,20524,19684,820
Benin,20524,19684,820
Bhutan,20524,19684,820
Bolivia,20524,19684,820
Bosnia and Herzegovina,20524,19684,820
Botswana,20524,19684,820
Brazil,20524,19684,820
Brunei,20524,19684,820
Bulgaria,20524,19684,820
Burkina Faso,20524,19684,820
Burma,20524,19684,820
Burundi,20524,19684,820
Cabo Verde,20524,19684,820
Cambodia,20524,19684,820
Cameroon,20524,19684,820
Canada,20524,19684,820
Central African Republic,20524,19684,820
Chad,20524,19684,820
Chile,20524,19684,820
China,20524,19684,820
Colombia,20524,19684,820
Comoros,20524,19684,820
Congo (Brazzaville),20524,19684,820
Congo (Kinshasa),20524,19684,820
Costa Rica,20524,19684,820
Cote d'Ivoire,20524,19684,820
Croatia,20524,19684,820
Cuba,20524,19684,820
Cyprus,20524,19684,820
Czechia,20524,19684,820
Denmark,20524,19684,820
Diamond Princess,20524,19684,820
Djibouti,20524,19684,820
Dominica,20524,19684,820
Dominican Republic,20524,19684,820
Ecuador,20524,19684,820
Egypt,20524,19684,820
El Salvador,20524,19684,820
Equatorial Guinea,20524,19684,820
Eritrea,20524,19684,820
Estonia,20524,19684,820
Eswatini,20524,19684,820
Ethiopia,20524,19684,820
Fiji,20524,19684,820
Finland,20524,19684,820
France,20524,19684,820
Gabon,20524,19684,820
Gambia,20524,19684,820
Georgia,20524,19684,820
Germany,20524,19684,820
Ghana,20524,19684,820
Greece,20524,19684,820
Grenada,20524,19684,820
Guatemala,20524,19684,820
Guinea,20524,19684,820
Guinea-Bissau,20524,19684,820
Guyana,20524,19684,820
Haiti,20524,19684,820
Holy See,20524,19684,820
Honduras,20524,19684,820
Hungary,20524,19684,820
Iceland,20524,19684,820
India,20524,19684,820
Indonesia,20524,19684,820
Iran,20524,19684,820
Iraq,20524,19684,820
Ireland,20524,19684,820
Israel,20524,19684,820
Italy,20524,19684,820
Jamaica,20524,19684,820
Japan,20524,19684,820
Jordan,20524,19684,820
Kazakhstan,20524,19684,820
Kenya,20524,19684,820
"Korea, South",20524,19684,820
Kosovo,20524,19684,820
Kuwait,20524,19684,820
Kyrgyzstan,20524,19684,820
Laos,20524,19684,820
Latvia,20524,19684,820
Lebanon,20524,19684,820
Lesotho,20524,19684,820
Liberia,20524,19684,820
Libya,20524,19684,820
Liechtenstein,20524,19684,820
Lithuania,20524,19684,820
Luxembourg,20524,19684,820
MS Zaandam,20524,19684,820
Madagascar,20524,19684,820
Malawi,20524,19684,820
Malaysia,20524,19684,820
Maldives,20524,19684,820
Mali,20524,19684,820
Malta,20524,19684,820
Marshall Islands,20524,19684,820
Mauritania,20524,19684,820
Mauritius,20524,19684,820
Mexico,20524,19684,820
Micronesia,20524,19684,820
Moldova,20524,19684,820
Monaco,20524,19684,820
Mongolia,20524,19684,820
Montenegro,20524,19684,820
Morocco,20524,19684,820
Mozambique,20524,19684,820
Namibia,20524,19684,820
Nepal,20524,19684,820
Netherlands,20524,19684,820
New Zealand,20524,19684,820
Nicaragua,20524,19684,820
Niger,20524,19684,820
Nigeria,20524,19684,820
North Macedonia,20524,19684,820
Norway,20524,19684,820
Oman,20524,19684,820
Pakistan,20524,19684,820
Panama,20524,19684,820
Papua New Guinea,20524,19684,820
Paraguay,20524,19684,820
Peru,20524,19684,820
Philippines,20524,19684,820
Poland,20524,19684,820
Portugal,20524,19684,820
Qatar,20524,19684,820
Romania,20524,19684,820
Russia,20524,19684,820
Rwanda,20524,19684,820
Saint Kitts and Nevis,20524,19684,820
Saint Lucia,20524,19684,820
Saint Vincent and the Grenadines,20524,19684,820
Samoa,20524,19684,820
San Marino,20524,19684,820
Sao Tome and Principe,20524,19684,820
Saudi Arabia,20524,19684,820
Senegal,20524,19684,820
Serbia,20524,19684,820
Seychelles,20524,19684,820
Sierra Leone,20524,19684,820
Singapore,20524,19684,820
Slovakia,20524,19684,820
Slovenia,20524,19684,820
Solomon Islands,20524,19684,820
Somalia,20524,19684,820
South Africa,20524,19684,820
South Sudan,20524,19684,820
Spain,20524,19684,820
Sri Lanka,20524,19684,820
Sudan,20524,19684,820
Suriname,20524,19684,820
Sweden,20524,19684,820
Switzerland,20524,19684,820
Syria,20524,19684,820
Taiwan*,20524,19684,820
Tajikistan,20524,19684,820
Tanzania,20524,19684,820
Thailand,20524,19684,820
Timor-Leste,20524,19684,820
Togo,20524,19684,820
Trinidad and Tobago,20524,19684,820
Tunisia,20524,19684,820
Turkey,20524,19684,820
Uganda,20524,19684,820
Ukraine,20524,19684,820
United Arab Emirates,20524,19684,820
United Kingdom,20524,19684,820
Uruguay,20524,19684,820
Uzbekistan,20524,19684,820
Vanuatu,20524,19684,820
Venezuela,20524,19684,820
Vietnam,20524,19684,820
West Bank and Gaza,20524,19684,820
Yemen,20524,19684,820
Zambia,20524,19684,820
Zimbabwe,20524,19684,820
US,20524,19684,820
Global,20524,19684,820
Afghanistan,,,
Albania,,,
Algeria,,,
Andorra,,,
Angola,,,
Antigua and Barbuda,,,
Argentina,,,
Armenia,,,
Australia,20524,19684,820
Austria,20524,19684,820
Azerbaijan,20524,19684,820
Bahamas,20524,19684,820
Bahrain,20524,19684,820
Bangladesh,20524,19684,820
Barbados,20524,19684,820
Belarus,20524,19684,820
Belgium,20524,19684,820
Belize,20524,19684,820
Benin,20524,19684,820
Bhutan,20524,19684,820
Bolivia,20524,19684,820
Bosnia and Herzegovina,20524,19684,820
Botswana,20524,19684,820
Brazil,20524,19684,820
Brunei,20524,19684,820
Bulgaria,20524,19684,820
Burkina Faso,20524,19684,820
Burma,20524,19684,820
Burundi,20524,19684,820
Cabo Verde,20524,19684,820
Cambodia,20524,19684,820
Cameroon,20524,19684,820
Canada,20524,19684,820
Central African Republic,20524,19684,820
Chad,20524,19684,820
Chile,20524,19684,820
China,20524,19684,820
Colombia,20524,19684,820
Comoros,20524,19684,820
Congo (Brazzaville),20524,19684,820
Congo (Kinshasa),20524,19684,820
Costa Rica,20524,19684,820
Cote d'Ivoire,20524,19684,820
Croatia,20524,19684,820
Cuba,20524,19684,820
Cyprus,20524,19684,820
Czechia,20524,19684,820
Denmark,20524,19684,820
Diamond Princess,20524,19684,820
Djibouti,20524,19684,820
Dominica,20524,19684,820
Dominican Republic,20524,19684,820
Ecuador,20524,19684,820
Egypt,20524,19684,820
El Salvador,20524,19684,820
Equatorial Guinea,20524,19684,820
Eritrea,20524,19684,820
Estonia,20524,19684,820
Eswatini,20524,19684,820
Ethiopia,20524,19684,820
Fiji,20524,19684,820
Finland,20524,19684,820
France,20524,19684,820
Gabon,20524,19684,820
Gambia,20524,19684,820
Georgia,20524,19684,820
Germany,20524,19684,820
Ghana,20524,19684,820
Greece,20524,19684,820
Grenada,20524,19684,820
Guatemala,20524,19684,820
Guinea,20524,19684,820
Guinea-Bissau,20524,19684,820
Guyana,20524,19684,820
Haiti,20524,19684,820
Holy See,20524,19684,820
Honduras,20524,19684,820
Hungary,20524,19684,820
Iceland,20524,19684,820
India,20524,19684,820
Indonesia,20524,19684,820
Iran,20524,19684,820
Iraq,20524,19684,820
Ireland,20524,19684,820
Israel,20524,19684,820
Italy,20524,19684,820
Jamaica,20524,19684,820
Japan,20524,19684,820
Jordan,20524,19684,820
Kazakhstan,20524,19684,820
Kenya,20524,19684,820
"Korea, South",20524,19684,820
Kosovo,20524,19684,820
Kuwait,20524,19684,820
Kyrgyzstan,20524,19684,820
Laos,20524,19684,820
Latvia,20524,19684,820
Lebanon,20524,19684,820
Lesotho,20524,19684,820
Liberia,20524,19684,820
Libya,20524,19684,820
Liechtenstein,20524,19684,820
Lithuania,20524,19684,820
Luxembourg,20524,19684,820
MS Zaandam,20524,19684,820
Madagascar,20524,19684,820
Malawi,20524,19684,820
Malaysia,20524,19684,820
Maldives,20524,19684,820
Mali,20524,19684,820
Malta,20524,19684,820
Marshall Islands,20524,19684,820
Mauritania,20524,19684,820
Mauritius,20524,19684,820
Mexico,20524,19684,820
Micronesia,20524,19684,820
Moldova,20524,19684,820
Monaco,20524,19684,820
Mongolia,20524,19684,820
Montenegro,20524,19684,820
Morocco,20524,19684,820
Mozambique,20524,19684,820
Namibia,20524,19684,820
Nepal,20524,19684,820
Netherlands,20524,19684,820
New Zealand,20524,19684,820
Nicaragua,20524,19684,820
Niger,20524,19684,820
Nigeria,20524,19684,820
North Macedonia,20524,19684,820
Norway,20524,19684,820
Oman,20524,19684,820
Pakistan,20524,19684,820
Panama,20524,19684,820
Papua New Guinea,20524,19684,820
Paraguay,20524,19684,820
Peru,20524,19684,820
Philippines,20524,19684,820
Poland,20524,19684,820
Portugal,20524,19684,820
Qatar,20524,19684,820
Romania,20524,19684,820
Russia,20524,19684,820
Rwanda,20524,19684,820
Saint Kitts and Nevis,20524,19684,820
Saint Lucia,20524,19684,820
Saint Vincent and the Grenadines,20524,19684,820
Samoa,20524,19684,820
San Marino,20524,19684,820
Sao Tome and Principe,20524,19684,820
Saudi Arabia,20524,19684,820
Senegal,20524,19684,820
Serbia,20524,19684,820
Seychelles,20524,19684,820
Sierra Leone,20524,19684,820
Singapore,20524,19684,820
Slovakia,20524,19684,820
Slovenia,20524,19684,820
Solomon Islands,20524,19684,820
Somalia,20524,19684,820
South Africa,20524,19684,820
South Sudan,20524,19684,820
Spain,20524,19684,820
Sri Lanka,20524,19684,820
Sudan,20524,19684,820
Suriname,20524,19684,820
Sweden,20524,19684,820
Switzerland,20524,19684,820
Syria,20524,19684,820
Taiwan*,20524,19684,820
Tajikistan,20524,19684,820
Tanzania,20524,19684,820
Thailand,20524,19684,820
Timor-Leste,20524,19684,820
Togo,20524,19684,820
Trinidad and Tobago,20524,19684,820
Tunisia,20524,19684,820
Turkey,20524,19684,820
Uganda,20524,19684,820
Ukraine,20524,19684,820
United Arab Emirates,20524,19684,820
United Kingdom,20524,19684,820
Uruguay,20524,19684,820
Uzbekistan,20524,19684,820
Vanuatu,20524,19684,820
Venezuela,20524,19684,820
Vietnam,20524,19684,820
West Bank and Gaza,20524,19684,820
Yemen,20524,19684,820
Zambia,20524,19684,820
Zimbabwe,20524,19684,820
US,20524,19684,820
Global,20524,19684,820
Afghanistan,,,
Albania,,,
Algeria,,,
Andorra,,,
Angola,,,
Antigua and Barbuda,,,
Argentina,,,
Armenia,,,
Australia,,,
Austria,,,
Azerbaijan,,,
Bahamas,,,
Bahrain,,,
Bangladesh,,,
Barbados,,,
Belarus,,,
Belgium,,,
Belize,,,
Benin,,,
Bhutan,,,
Bolivia,,,
Bosnia and Herzegovina,,,
Botswana,,,
Brazil,,,
Brunei,,,
Bulgaria,,,
Burkina Faso,,,
Burma,,,
Burundi,,,
Cabo Verde,,,
Cambodia,,,
Cameroon,,,
Canada,,,
Central African Republic,,,
Chad,,,
Chile,,,
China,,,
Colombia,,,
Comoros,,,
Congo (Brazzaville),,,
Congo (Kinshasa),,,
Costa Rica,,,
Cote d'Ivoire,,,
Croatia,,,
Cuba,,,
Cyprus,,,
Czechia,,,
Denmark,,,
Diamond Princess,,,
Djibouti,,,
Dominica,,,
Dominican Republic,,,
Ecuador,,,
Egypt,,,
El Salvador,,,
Equatorial Guinea,,,
Eritrea,,,
Estonia,,,
Eswatini,,,
Ethiopia,,,
Fiji,,,
Finland,,,
France,,,
Gabon,,,
Gambia,,,
Georgia,,,
Germany,,,
Ghana,,,
Greece,,,
Grenada,,,
Guatemala,,,
Guinea,,,
Guinea-Bissau,,,
Guyana,,,
Haiti,,,
Holy See,,,
Honduras,,,
Hungary,,,
Iceland,,,
India,,,
Indonesia,,,
Iran,,,
Iraq,,,
Ireland,,,
Israel,,,
Italy,,,
Jamaica,,,
Japan,,,
Jordan,,,
Kazakhstan,,,
Kenya,,,
"Korea, South",,,
Kosovo,,,
Kuwait,,,
Kyrgyzstan,,,
Laos,,,
Latvia,,,
Lebanon,,,
Lesotho,,,
Liberia,,,
Libya,,,
Liechtenstein,,,
Lithuania,,,
Luxembourg,,,
MS Zaandam,,,
Madagascar,,,
Malawi,,,
Malaysia,,,
Maldives,,,
Mali,,,
Malta,,,
Marshall Islands,,,
Mauritania,,,
Mauritius,,,
Mexico,,,
Micronesia,,,
Moldova,,,
Monaco,,,
Mongolia,,,
Montenegro,,,
Morocco,,,
Mozambique,,,
Namibia,,,
Nepal,351005,287790,3417
Netherlands,351005,287790,3417
New Zealand,351005,287790,3417
Nicaragua,351005,287790,3417
Niger,351005,287790,3417
Nigeria,351005,287790,3417
North Macedonia,351005,287790,3417
Norway,351005,287790,3417
Oman,351005,287790,3417
Pakistan,351005,287790,3417
Panama,351005,287790,3417
Papua New Guinea,351005,287790,3417
Paraguay,351005,287790,3417
Peru,351005,287790,3417
Philippines,351005,287790,3417
Poland,351005,287790,3417
Portugal,351005,287790,3417
Qatar,351005,287790,3417
Romania,351005,287790,3417
Russia,351005,287790,3417
Rwanda,351005,287790,3417
Saint Kitts and Nevis,351005,287790,3417
Saint Lucia,351005,287790,3417
Saint Vincent and the Grenadines,351005,287790,3417
Samoa,351005,287790,3417
San Marino,351005,287790,3417
Sao Tome and Principe,351005,287790,3417
Saudi Arabia,351005,287790,3417
Senegal,351005,287790,3417
Serbia,351005,287790,3417
Seychelles,351005,287790,3417
Sierra Leone,351005,287790,3417
Singapore,351005,287790,3417
Slovakia,351005,287790,3417
Slovenia,351005,287790,3417
Solomon Islands,351005,287790,3417
Somalia,351005,287790,3417
South Africa,351005,287790,3417
South Sudan,351005,287790,3417
Spain,351005,287790,3417
Sri Lanka,351005,287790,3417
Sudan,351005,287790,3417
Suriname,351005,287790,3417
Sweden,351005,287790,3417
Switzerland,351005,287790,3417
Syria,351005,287790,3417
Taiwan*,351005,287790,3417
Tajikistan,351005,287790,3417
Tanzania,351005,287790,3417
Thailand,351005,287790,3417
Timor-Leste,351005,287790,3417
Togo,351005,287790,3417
Trinidad and Tobago,351005,287790,3417
Tunisia,351005,287790,3417
Turkey,351005,287790,3417
Uganda,351005,287790,3417
Ukraine,351005,287790,3417
United Arab Emirates,351005,287790,3417
United Kingdom,351005,287790,3417
Uruguay,351005,287790,3417
Uzbekistan,351005,287790,3417
Vanuatu,351005,287790,3417
Venezuela,351005,287790,3417
Vietnam,351005,287790,3417
West Bank and Gaza,351005,287790,3417
Yemen,351005,287790,3417
Zambia,351005,287790,3417
Zimbabwe,351005,287790,3417
US,351005,287790,3417
Global,351005,287790,3417
Afghanistan,,,
Albania,,,
Algeria,,,
Andorra,,,
Angola,,,
Antigua and Barbuda,,,
Argentina,,,
Armenia,,,
Australia,,,
Austria,,,
Azerbaijan,,,
Bahamas,,,
Bahrain,,,
Bangladesh,,,
Barbados,,,
Belarus,,,
Belgium,,,
Belize,,,
Benin,,,
Bhutan,,,
Bolivia,,,
Bosnia and Herzegovina,,,
Botswana,,,
Brazil,,,
Brunei,,,
Bulgaria,,,
Burkina Faso,,,
Burma,,,
Burundi,,,
Cabo Verde,,,
Cambodia,,,
Cameroon,,,
Canada,,,
Central African Republic,,,
Chad,,,
Chile,,,
China,,,
Colombia,,,
Comoros,,,
Congo (Brazzaville),,,
Congo (Kinshasa),,,
Costa Rica,,,
Cote d'Ivoire,,,
Croatia,,,
Cuba,,,
Cyprus,,,
Czechia,,,
Denmark,,,
Diamond Princess,,,
Djibouti,,,
Dominica,,,
Dominican Republic,,,
Ecuador,,,
Egypt,,,
El Salvador,,,
Equatorial Guinea,,,
Eritrea,,,
Estonia,,,
Eswatini,,,
Ethiopia,,,
Fiji,,,
Finland,,,
France,,,
Gabon,,,
Gambia,,,
Georgia,,,
Germany,,,
Ghana,,,
Greece,,,
Grenada,,,
Guatemala,,,
Guinea,,,
Guinea-Bissau,,,
Guyana,,,
Haiti,,,
Holy See,,,
Honduras,,,
Hungary,,,
Iceland,,,
India,,,
Indonesia,,,
Iran,,,
Iraq,,,
Ireland,,,
Israel,,,
Italy,,,
Jamaica,,,
Japan,,,
Jordan,,,
Kazakhstan,,,
Kenya,,,
"Korea, South",,,
Kosovo,,,
Kuwait,,,
Kyrgyzstan,,,
Laos,,,
Latvia,,,
Lebanon,,,
Lesotho,,,
Liberia,,,
Libya,,,
Liechtenstein,,,
Lithuania,,,
Luxembourg,,,
MS Zaandam,,,
Madagascar,,,
Malawi,,,
Malaysia,,,
Maldives,,,
Mali,,,
Malta,,,
Marshall Islands,,,
Mauritania,,,
Mauritius,,,
Mexico,,,
Micronesia,,,
Moldova,,,
Monaco,,,
Mongolia,,,
Montenegro,,,
Morocco,,,
Mozambique,,,
Namibia,,,
Nepal,,,
Netherlands,,,
New Zealand,,,
Nicaragua,,,
Niger,5286,4870,192
Nigeria,5286,4870,192
North Macedonia,5286,4870,192
Norway,5286,4870,192
Oman,5286,4870,192
Pakistan,5286,4870,192
Panama,5286,4870,192
Papua New Guinea,5286,4870,192
Paraguay,5286,4870,192
Peru,5286,4870,192
Philippines,5286,4870,192
Poland,5286,4870,192
Portugal,5286,4870,192
Qatar,5286,4870,192
Romania,5286,4870,192
Russia,5286,4870,192
Rwanda,5286,4870,192
Saint Kitts and Nevis,5286,4870,192
Saint Lucia,5286,4870,192
Saint Vincent and the Grenadines,5286,4870,192
Samoa,5286,4870,192
San Marino,5286,4870,192
Sao Tome and Principe,5286,4870,192
Saudi Arabia,5286,4870,192
Senegal,5286,4870,192
Serbia,5286,4870,192
Seychelles,5286,4870,192
Sierra Leone,5286,4870,192
Singapore,5286,4870,192
Slovakia,5286,4870,192
Slovenia,5286,4870,192
Solomon Islands,5286,4870,192
Somalia,5286,4870,192
South Africa,5286,4870,192
South Sudan,5286,4870,192
Spain,5286,4870,192
Sri Lanka,5286,4870,192
Sudan,5286,4870,192
Suriname,5286,4870,192
Sweden,5286,4870,192
Switzerland,5286,4870,192
Syria,5286,4870,192
Taiwan*,5286,4870,192
Tajikistan,5286,4870,192
Tanzania,5286,4870,192
Thailand,5286,4870,192
Timor-Leste,5286,4870,192
Togo,5286,4870,192
Trinidad and Tobago,5286,4870,192
Tunisia,5286,4870,192
Turkey,5286,4870,192
Uganda,5286,4870,192
Ukraine,5286,4870,192
United Arab Emirates,5286,4870,192
United Kingdom,5286,4870,192
Uruguay,5286,4870,192
Uzbekistan,5286,4870,192
Vanuatu,5286,4870,192
Venezuela,5286,4870,192
Vietnam,5286,4870,192
West Bank and Gaza,5286,4870,192
Yemen,5286,4870,192
Zambia,5286,4870,192
Zimbabwe,5286,4870,192
US,5286,4870,192
Global,5286,4870,192
Afghanistan,,,
Albania,,,
Algeria,,,
Andorra,,,
Angola,,,
Antigua and Barbuda,,,
Argentina,,,
Armenia,,,
Australia,,,
Austria,,,
Azerbaijan,,,
Bahamas,,,
Bahrain,,,
Bangladesh,,,
Barbados,,,
Belarus,,,
Belgium,,,
Belize,,,
Benin,,,
Bhutan,,,
Bolivia,,,
Bosnia and Herzegovina,,,
Botswana,,,
Brazil,,,
Brunei,,,
Bulgaria,,,
Burkina Faso,,,
Burma,,,
Burundi,,,
Cabo Verde,,,
Cambodia,,,
Cameroon,,,
Canada,,,
Central African Republic,,,
Chad,,,
Chile,,,
China,,,
Colombia,,,
Comoros,,,
Congo (Brazzaville),,,
Congo (Kinshasa),,,
Costa Rica,,,
Cote d'Ivoire,,,
Croatia,,,
Cuba,,,
Cyprus,,,
Czechia,,,
Denmark,,,
Diamond Princess,,,
Djibouti,,,
Dominica,,,
Dominican Republic,,,
Ecuador,,,
Egypt,,,
El Salvador,,,
Equatorial Guinea,,,
Eritrea,,,
Estonia,,,
Eswatini,,,
Ethiopia,,,
Fiji,,,
Finland,,,
France,,,
Gabon,,,
Gambia,,,
Georgia,,,
Germany,,,
Ghana,,,
Greece,,,
Grenada,,,
Guatemala,,,
Guinea,,,
Guinea-Bissau,,,
Guyana,,,
Haiti,,,
Holy See,,,
Honduras,,,
Hungary,,,
Iceland,,,
India,,,
Indonesia,,,
Iran,,,
Iraq,,,
Ireland,,,
Israel,,,
Italy,,,
Jamaica,,,
Japan,,,
Jordan,,,
Kazakhstan,,,
Kenya,,,
"Korea, South",,,
Kosovo,,,
Kuwait,,,
Kyrgyzstan,,,
Laos,,,
Latvia,,,
Lebanon,,,
Lesotho,,,
Liberia,,,
Libya,,,
Liechtenstein,,,
Lithuania,,,
Luxembourg,,,
MS Zaandam,,,
Madagascar,,,
Malawi,,,
Malaysia,,,
Maldives,,,
Mali,,,
Malta,,,
Marshall Islands,,,
Mauritania,18503,17768,455
Mauritius,18503,17768,455
Mexico,18503,17768,455
Micronesia,18503,17768,455
Moldova,18503,17768,455
Monaco,18503,17768,455
Mongolia,18503,17768,455
Montenegro,18503,17768,455
Morocco,18503,17768,455
Mozambique,18503,17768,455
Namibia,18503,17768,455
Nepal,18503,17768,455
Netherlands,18503,17768,455
New Zealand,18503,17768,455
Nicaragua,18503,17768,455
Niger,18503,17768,455
Nigeria,18503,17768,455
North Macedonia,18503,17768,455
Norway,18503,17768,455
Oman,18503,17768,455
Pakistan,18503,17768,455
Panama,18503,17768,455
Papua New Guinea,18503,17768,455
Paraguay,18503,17768,455
Peru,18503,17768,455
Philippines,18503,17768,455
Poland,18503,17768,455
Portugal,18503,17768,455
Qatar,18503,17768,455
Romania,18503,17768,455
Russia,18503,17768,455
Rwanda,18503,17768,455
Saint Kitts and Nevis,18503,17768,455
Saint Lucia,18503,17768,455
Saint Vincent and the Grenadines,18503,17768,455
Samoa,18503,17768,455
San Marino,18503,17768,455
Sao Tome and Principe,18503,17768,455
Saudi Arabia,18503,17768,455
Senegal,18503,17768,455
Serbia,18503,17768,455
Seychelles,18503,17768,455
Sierra Leone,18503,17768,455
Singapore,18503,17768,455
Slovakia,18503,17768,455
Slovenia,18503,17768,455
Solomon Islands,18503,17768,455
Somalia,18503,17768,455
South Africa,18503,17768,455
South Sudan,18503,17768,455
Spain,18503,17768,455
Sri Lanka,18503,17768,455
Sudan,18503,17768,455
Suriname,18503,17768,455
Sweden,18503,17768,455
Switzerland,18503,17768,455
Syria,18503,17768,455
Taiwan*,18503,17768,455
Tajikistan,18503,17768,455
Tanzania,18503,17768,455
Thailand,18503,17768,455
Timor-Leste,18503,17768,455
Togo,18503,17768,455
Trinidad and Tobago,18503,17768,455
Tunisia,18503,17768,455
Turkey,18503,17768,455
Uganda,18503,17768,455
Ukraine,18503,17768,455
United Arab Emirates,18503,17768,455
United Kingdom,18503,17768,455
Uruguay,18503,17768,455
Uzbekistan,18503,17768,455
Vanuatu,18503,17768,455
Venezuela,18503,17768,455
Vietnam,18503,17768,455
West Bank and Gaza,18503,17768,455
Yemen,18503,17768,455
Zambia,18503,17768,455
Zimbabwe,18503,17768,455
US,18503,17768,455
Global,18503,17768,455
Afghanistan,,,
Albania,,,
Algeria,,,
Andorra,,,
Angola,,,
Antigua and Barbuda,,,
Argentina,,,
Armenia,,,
Australia,,,
Austria,,,
Azerbaijan,,,
Bahamas,,,
Bahrain,,,
Bangladesh,,,
Barbados,,,
Belarus,,,
Belgium,,,
Belize,,,
Benin,,,
Bhutan,,,
Bolivia,,,
Bosnia and Herzegovina,,,
Botswana,,,
Brazil,,,
Brunei,,,
Bulgaria,,,
Burkina Faso,,,
Burma,,,
Burundi,,,
Cabo Verde,,,
Cambodia,,,
Cameroon,,,
Canada,,,
Central African Republic,,,
Chad,,,
Chile,,,
China,,,
Colombia,,,
Comoros,,,
Congo (Brazzaville),,,
Congo (Kinshasa),,,
Costa Rica,,,
Cote d'Ivoire,,,
Croatia,,,
Cuba,,,
Cyprus,,,
Czechia,,,
Denmark,,,
Diamond Princess,,,
Djibouti,,,
Dominica,,,
Dominican Republic,,,
Ecuador,,,
Egypt,,,
El Salvador,,,
Equatorial Guinea,,,
Eritrea,,,
Estonia,,,
Eswatini,,,
Ethiopia,,,
Fiji,,,
Finland,,,
France,,,
Gabon,,,
Gambia,,,
Georgia,,,
Germany,,,
Ghana,,,
Greece,,,
Grenada,,,
Guatemala,,,
Guinea,,,
Guinea-Bissau,,,
Guyana,,,
Haiti,,,
Holy See,,,
Honduras,,,
Hungary,,,
Iceland,,,
India,,,
Indonesia,,,
Iran,,,
Iraq,,,
Ireland,,,
Israel,,,
Italy,,,
Jamaica,,,
Japan,,,
Jordan,,,
Kazakhstan,,,
Kenya,,,
"Korea, South",,,
Kosovo,,,
Kuwait,,,
Kyrgyzstan,,,
Laos,,,
Latvia,,,
Lebanon,,,
Lesotho,,,
Liberia,,,
Libya,,,
Liechtenstein,,,
Lithuania,,,
Luxembourg,,,
MS Zaandam,,,
Madagascar,,,
Malawi,,,
Malaysia,,,
Maldives,,,
Mali,,,
Malta,,,
Marshall Islands,,,
Mauritania,,,
Mauritius,,,
Mexico,,,
Micronesia,,,
Moldova,,,
Monaco,,,
Mongolia,,,
Montenegro,,,
Morocco,,,
Mozambique,,,
Namibia,,,
Nepal,,,
Netherlands,,,
New Zealand,2629,2578,26
Nicaragua,2629,2578,26
Niger,2629,2578,26
Nigeria,2629,2578,26
North Macedonia,2629,2578,26
Norway,2629,2578,26
Oman,2629,2578,26
Pakistan,2629,2578,26
Panama,2629,2578,26
Papua New Guinea,2629,2578,26
Paraguay,2629,2578,26
Peru,2629,2578,26
Philippines,2629,2578,26
Poland,2629,2578,26
Portugal,2629,2578,26
Qatar,2629,2578,26
Romania,2629,2578,26
Russia,2629,2578,26
Rwanda,2629,2578,26
Saint Kitts and Nevis,2629,2578,26
Saint Lucia,2629,2578,26
Saint Vincent and the Grenadines,2629,2578,26
Samoa,2629,2578,26
San Marino,2629,2578,26
Sao Tome and Principe,2629,2578,26
Saudi Arabia,2629,2578,26
Senegal,2629,2578,26
Serbia,2629,2578,26
Seychelles,2629,2578,26
Sierra Leone,2629,2578,26
Singapore,2629,2578,26
Slovakia,2629,2578,26
Slovenia,2629,2578,26
Solomon Islands,2629,2578,26
Somalia,2629,2578,26
South Africa,2629,2578,26
South Sudan,2629,2578,26
Spain,2629,2578,26
Sri Lanka,2629,2578,26
Sudan,2629,2578,26
Suriname,2629,2578,26
Sweden,2629,2578,26
Switzerland,2629,2578,26
Syria,2629,2578,26
Taiwan*,2629,2578,26
Tajikistan,2629,2578,26
Tanzania,2629,2578,26
Thailand,2629,2578,26
Timor-Leste,2629,2578,26
Togo,2629,2578,26
Trinidad and Tobago,2629,2578,26
Tunisia,2629,2578,26
Turkey,2629,2578,26
Uganda,2629,2578,26
Ukraine,2629,2578,26
United Arab Emirates,2629,2578,26
United Kingdom,2629,2578,26
Uruguay,2629,2578,26
Uzbekistan,2629,2578,26
Vanuatu,2629,2578,26
Venezuela,2629,2578,26
Vietnam,2629,2578,26
West Bank and Gaza,2629,2578,26
Yemen,2629,2578,26
Zambia,2629,2578,26
Zimbabwe,2629,2578,26
US,2629,2578,26
Global,2629,2578,26
Afghanistan,,,
Albania,,,
Algeria,,,
Andorra,,,
Angola,,,
Antigua and Barbuda,,,
Argentina,,,
Armenia,,,
Australia,,,
Austria,,,
Azerbaijan,,,
Bahamas,,,
Bahrain,,,
Bangladesh,,,
Barbados,,,
Belarus,,,
Belgium,,,
Belize,,,
Benin,,,
Bhutan,,,
Bolivia,,,
Bosnia and Herzegovina,,,
Botswana,,,
Brazil,,,
Brunei,,,
Bulgaria,,,
Burkina Faso,,,
Burma,,,
Burundi,,,
Cabo Verde,,,
Cambodia,,,
Cameroon,,,
Canada,,,
Central African Republic,,,
Chad,,,
Chile,,,
China,,,
Colombia,,,
Comoros,,,
Congo (Brazzaville),,,
Congo (Kinshasa),,,
Costa Rica,,,
Cote d'Ivoire,,,
Croatia,,,
Cuba,,,
Cyprus,,,
Czechia,,,
Denmark,,,
Diamond Princess,,,
Djibouti,,,
Dominica,,,
Dominican Republic,,,
Ecuador,,,
Egypt,,,
El Salvador,,,
Equatorial Guinea,,,
Eritrea,,,
Estonia,,,
Eswatini,,,
Ethiopia,,,
Fiji,,,
Finland,,,
France,,,
Gabon,,,
Gambia,,,
Georgia,,,
Germany,,,
Ghana,,,
Greece,,,
Grenada,,,
Guatemala,,,
Guinea,,,
Guinea-Bissau,,,
Guyana,,,
Haiti,,,
Holy See,,,
Honduras,,,
Hungary,,,
Iceland,,,
India,,,
Indonesia,,,
Iran,,,
Iraq,,,
Ireland,,,
Israel,,,
Italy,,,
Jamaica,,,
Japan,,,
Jordan,,,
Kazakhstan,,,
Kenya,,,
"Korea, South",,,
Kosovo,,,
Kuwait,,,
Kyrgyzstan,,,
Laos,,,
Latvia,,,
Lebanon,,,
Lesotho,,,
Liberia,,,
Libya,,,
Liechtenstein,,,
Lithuania,,,
Luxembourg,,,
MS Zaandam,,,
Madagascar,,,
Malawi,,,
Malaysia,,,
Maldives,,,
Mali,,,
Malta,,,
Marshall Islands,,,
Mauritania,,,
Mauritius,,,
Mexico,,,
Micronesia,,,
Moldova,,,
Monaco,,,
Mongolia,,,
Montenegro,,,
Morocco,,,
Mozambique,,,
Namibia,,,
Nepal,,,
Netherlands,,,
New Zealand,,,
Nicaragua,,,
Niger,,,
Nigeria,165215,155371,2063
North Macedonia,165215,155371,2063
Norway,165215,155371,2063
Oman,165215,155371,2063
Pakistan,165215,155371,2063
Panama,165215,155371,2063
Papua New Guinea,165215,155371,2063
Paraguay,165215,155371,2063
Peru,165215,155371,2063
Philippines,165215,155371,2063
Poland,165215,155371,2063
Portugal,165215,155371,2063
Qatar,165215,155371,2063
Romania,165215,155371,2063
Russia,165215,155371,2063
Rwanda,165215,155371,2063
Saint Kitts and Nevis,165215,155371,2063
Saint Lucia,165215,155371,2063
Saint Vincent and the Grenadines,165215,155371,2063
Samoa,165215,155371,2063
San Marino,165215,155371,2063
Sao Tome and Principe,165215,155371,2063
Saudi Arabia,165215,155371,2063
Senegal,165215,155371,2063
Serbia,165215,155371,2063
Seychelles,165215,155371,2063
Sierra Leone,165215,155371,2063
Singapore,165215,155371,2063
Slovakia,165215,155371,2063
Slovenia,165215,155371,2063
Solomon Islands,165215,155371,2063
Somalia,165215,155371,2063
South Africa,165215,155371,2063
South Sudan,165215,155371,2063
Spain,165215,155371,2063
Sri Lanka,165215,155371,2063
Sudan,165215,155371,2063
Suriname,165215,155371,2063
Sweden,165215,155371,2063
Switzerland,165215,155371,2063
Syria,165215,155371,2063
Taiwan*,165215,155371,2063
Tajikistan,165215,155371,2063
Tanzania,165215,155371,2063
Thailand,165215,155371,2063
Timor-Leste,165215,155371,2063
Togo,165215,155371,2063
Trinidad and Tobago,165215,155371,2063
Tunisia,165215,155371,2063
Turkey,165215,155371,2063
Uganda,165215,155371,2063
Ukraine,165215,155371,2063
United Arab Emirates,165215,155371,2063
United Kingdom,165215,155371,2063
Uruguay,165215,155371,2063
Uzbekistan,165215,155371,2063
Vanuatu,165215,155371,2063
Venezuela,165215,155371,2063
Vietnam,165215,155371,2063
West Bank and Gaza,165215,155371,2063
Yemen,165215,155371,2063
Zambia,165215,155371,2063
Zimbabwe,165215,155371,2063
US,165215,155371,2063
Global,165215,155371,2063
Afghanistan,,,
Albania,,,
Algeria,,,
Andorra,,,
Angola,,,
Antigua and Barbuda,,,
Argentina,,,
Armenia,,,
Australia,,,
Austria,,,
Azerbaijan,,,
Bahamas,,,
Bahrain,,,
Bangladesh,,,
Barbados,,,
Belarus,,,
Belgium,,,
Belize,,,
Benin,,,
Bhutan,,,
Bolivia,,,
Bosnia and Herzegovina,,,
Botswana,,,
Brazil,,,
Brunei,,,
Bulgaria,,,
Burkina Faso,,,
Burma,,,
Burundi,,,
Cabo Verde,,,
Cambodia,,,
Cameroon,,,
Canada,,,
Central African Republic,,,
Chad,,,
Chile,,,
China,,,
Colombia,,,
Comoros,,,
Congo (Brazzaville),,,
Congo (Kinshasa),,,
Costa Rica,,,
Cote d'Ivoire,,,
Croatia,,,
Cuba,,,
Cyprus,,,
Czechia,,,
Denmark,,,
Diamond Princess,,,
Djibouti,,,
Dominica,,,
Dominican Republic,,,
Ecuador,,,
Egypt,,,
El Salvador,,,
Equatorial Guinea,,,
Eritrea,,,
Estonia,,,
Eswatini,,,
Ethiopia,,,
Fiji,,,
Finland,,,
France,,,
Gabon,,,
Gambia,,,
Georgia,,,
Germany,,,
Ghana,,,
Greece,,,
Grenada,,,
Guatemala,,,
Guinea,,,
Guinea-Bissau,,,
Guyana,,,
Haiti,,,
Holy See,,,
Honduras,,,
Hungary,,,
Iceland,,,
India,,,
Indonesia,,,
Iran,,,
Iraq,,,
Ireland,,,
Israel,,,
Italy,,,
Jamaica,,,
Japan,,,
Jordan,,,
Kazakhstan,,,
Kenya,,,
"Korea, South",,,
Kosovo,,,
Kuwait,,,
Kyrgyzstan,,,
Laos,,,
Latvia,,,
Lebanon,,,
Lesotho,,,
Liberia,,,
Libya,,,
Liechtenstein,,,
Lithuania,,,
Luxembourg,,,
MS Zaandam,,,
Madagascar,,,
Malawi,,,
Malaysia,,,
Maldives,,,
Mali,,,
Malta,,,
Marshall Islands,,,
Mauritania,,,
Mauritius,,,
Mexico,,,
Micronesia,,,
Moldova,,,
Monaco,,,
Mongolia,,,
Montenegro,,,
Morocco,,,
Mozambique,,,
Namibia,,,
Nepal,,,
Netherlands,,,
New Zealand,,,
Nicaragua,,,
Niger,,,
Nigeria,,,
North Macedonia,,,
Norway,,,
Oman,,,
Pakistan,,,
Panama,,,
Papua New Guinea,,,
Paraguay,,,
Peru,,,
Philippines,,,
Poland,2811951,2540684,68482
Portugal,2811951,2540684,68482
Qatar,2811951,2540684,68482
Romania,2811951,2540684,68482
Russia,2811951,2540684,68482
Rwanda,2811951,2540684,68482
Saint Kitts and Nevis,2811951,2540684,68482
Saint Lucia,2811951,2540684,68482
Saint Vincent and the Grenadines,2811951,2540684,68482
Samoa,2811951,2540684,68482
San Marino,2811951,2540684,68482
Sao Tome and Principe,2811951,2540684,68482
Saudi Arabia,2811951,2540684,68482
Senegal,2811951,2540684,68482
Serbia,2811951,2540684,68482
Seychelles,2811951,2540684,68482
Sierra Leone,2811951,2540684,68482
Singapore,2811951,2540684,68482
Slovakia,2811951,2540684,68482
Slovenia,2811951,2540684,68482
Solomon Islands,2811951,2540684,68482
Somalia,2811951,2540684,68482
South Africa,2811951,2540684,68482
South Sudan,2811951,2540684,68482
Spain,2811951,2540684,68482
Sri Lanka,2811951,2540684,68482
Sudan,2811951,2540684,68482
Suriname,2811951,2540684,68482
Sweden,2811951,2540684,68482
Switzerland,2811951,2540684,68482
Syria,2811951,2540684,68482
Taiwan*,2811951,2540684,68482
Tajikistan,2811951,2540684,68482
Tanzania,2811951,2540684,68482
Thailand,2811951,2540684,68482
Timor-Leste,2811951,2540684,68482
Togo,2811951,2540684,68482
Trinidad and Tobago,2811951,2540684,68482
Tunisia,2811951,2540684,68482
Turkey,2811951,2540684,68482
Uganda,2811951,2540684,68482
Ukraine,2811951,2540684,68482
United Arab Emirates,2811951,2540684,68482
United Kingdom,2811951,2540684,68482
Uruguay,2811951,2540684,68482
Uzbekistan,2811951,2540684,68482
Vanuatu,2811951,2540684,68482
Venezuela,2811951,2540684,68482
Vietnam,2811951,2540684,68482
West Bank and Gaza,2811951,2540684,68482
Yemen,2811951,2540684,68482
Zambia,2811951,2540684,68482
Zimbabwe,2811951,2540684,68482
US,2811951,2540684,68482
Global,2811951,2540684,68482
Afghanistan,,,
Albania,,,
Algeria,,,
Andorra,,,
Angola,,,
Antigua and Barbuda,,,
Argentina,,,
Armenia,,,
Australia,,,
Austria,,,
Azerbaijan,,,
Bahamas,,,
Bahrain,,,
Bangladesh,,,
Barbados,,,
Belarus,,,
Belgium,,,
Belize,,,
Benin,,,
Bhutan,,,
Bolivia,,,
Bosnia and Herzegovina,,,
Botswana,,,
Brazil,,,
Brunei,,,
Bulgaria,,,
Burkina Faso,,,
Burma,,,
Burundi,,,
Cabo Verde,,,
Cambodia,,,
Cameroon,,,
Canada,,,
Central African Republic,,,
Chad,,,
Chile,,,
China,,,
Colombia,,,
Comoros,,,
Congo (Brazzaville),,,
Congo (Kinshasa),,,
Costa Rica,,,
Cote d'Ivoire,,,
Croatia,,,
Cuba,,,
Cyprus,,,
Czechia,,,
Denmark,,,
Diamond Princess,,,
Djibouti,,,
Dominica,,,
Dominican Republic,,,
Ecuador,,,
Egypt,,,
El Salvador,,,
Equatorial Guinea,,,
Eritrea,,,
Estonia,,,
Eswatini,,,
Ethiopia,,,
Fiji,,,
Finland,,,
France,,,
Gabon,,,
Gambia,,,
Georgia,,,
Germany,,,
Ghana,,,
Greece,,,
Grenada,,,
Guatemala,,,
Guinea,,,
Guinea-Bissau,,,
Guyana,,,
Haiti,,,
Holy See,,,
Honduras,,,
Hungary,,,
Iceland,,,
India,,,
Indonesia,,,
Iran,,,
Iraq,,,
Ireland,,,
Israel,,,
Italy,,,
Jamaica,,,
Japan,,,
Jordan,,,
Kazakhstan,,,
Kenya,,,
"Korea, South",,,
Kosovo,,,
Kuwait,,,
Kyrgyzstan,,,
Laos,,,
Latvia,,,
Lebanon,,,
Lesotho,,,
Liberia,,,
Libya,,,
Liechtenstein,,,
Lithuania,,,
Luxembourg,,,
MS Zaandam,,,
Madagascar,,,
Malawi,,,
Malaysia,,,
Maldives,,,
Mali,,,
Malta,,,
Marshall Islands,,,
Mauritania,,,
Mauritius,,,
Mexico,,,
Micronesia,,,
Moldova,,,
Monaco,,,
Mongolia,,,
Montenegro,,,
Morocco,,,
Mozambique,,,
Namibia,,,
Nepal,,,
Netherlands,,,
New Zealand,,,
Nicaragua,,,
Niger,,,
Nigeria,,,
North Macedonia,,,
Norway,,,
Oman,,,
Pakistan,,,
Panama,,,
Papua New Guinea,,,
Paraguay,,,
Peru,,,
Philippines,,,
Poland,,,
Portugal,,,
Qatar,208232,195521,483
Romania,208232,195521,483
Russia,208232,195521,483
Rwanda,208232,195521,483
Saint Kitts and Nevis,208232,195521,483
Saint Lucia,208232,195521,483
Saint Vincent and the Grenadines,208232,195521,483
Samoa,208232,195521,483
San Marino,208232,195521,483
Sao Tome and Principe,208232,195521,483
Saudi Arabia,208232,195521,483
Senegal,208232,195521,483
Serbia,208232,195521,483
Seychelles,208232,195521,483
Sierra Leone,208232,195521,483
Singapore,208232,195521,483
Slovakia,208232,195521,483
Slovenia,208232,195521,483
Solomon Islands,208232,195521,483
Somalia,208232,195521,483
South Africa,208232,195521,483
South Sudan,208232,195521,483
Spain,208232,195521,483
Sri Lanka,208232,195521,483
Sudan,208232,195521,483
Suriname,208232,195521,483
Sweden,208232,195521,483
Switzerland,208232,195521,483
Syria,208232,195521,483
Taiwan*,208232,195521,483
Tajikistan,208232,195521,483
Tanzania,208232,195521,483
Thailand,208232,195521,483
Timor-Leste,208232,195521,483
Togo,208232,195521,483
Trinidad and Tobago,208232,195521,483
Tunisia,208232,195521,483
Turkey,208232,195521,483
Uganda,208232,195521,483
Ukraine,208232,195521,483
United Arab Emirates,208232,195521,483
United Kingdom,208232,195521,483
Uruguay,208232,195521,483
Uzbekistan,208232,195521,483
Vanuatu,208232,195521,483
Venezuela,208232,195521,483
Vietnam,208232,195521,483
West Bank and Gaza,208232,195521,483
Yemen,208232,195521,483
Zambia,208232,195521,483
Zimbabwe,208232,195521,483
US,208232,195521,483
Global,208232,195521,483
Afghanistan,,,
Albania,,,
Algeria,,,
Andorra,,,
Angola,,,
Antigua and Barbuda,,,
Argentina,,,
Armenia,,,
Australia,,,
Austria,,,
Azerbaijan,,,
Bahamas,,,
Bahrain,,,
Bangladesh,,,
Barbados,,,
Belarus,,,
Belgium,,,
Belize,,,
Benin,,,
Bhutan,,,
Bolivia,,,
Bosnia and Herzegovina,,,
Botswana,,,
Brazil,,,
Brunei,,,
Bulgaria,,,
Burkina Faso,,,
Burma,,,
Burundi,,,
Cabo Verde,,,
Cambodia,,,
Cameroon,,,
Canada,,,
Central African Republic,,,
Chad,,,
Chile,,,
China,,,
Colombia,,,
Comoros,,,
Congo (Brazzaville),,,
Congo (Kinshasa),,,
Costa Rica,,,
Cote d'Ivoire,,,
Croatia,,,
Cuba,,,
Cyprus,,,
Czechia,,,
Denmark,,,
Diamond Princess,,,
Djibouti,,,
Dominica,,,
Dominican Republic,,,
Ecuador,,,
Egypt,,,
El Salvador,,,
Equatorial Guinea,,,
Eritrea,,,
Estonia,,,
Eswatini,,,
Ethiopia,,,
Fiji,,,
Finland,,,
France,,,
Gabon,,,
Gambia,,,
Georgia,,,
Germany,,,
Ghana,,,
Greece,,,
Grenada,,,
Guatemala,,,
Guinea,,,
Guinea-Bissau,,,
Guyana,,,
Haiti,,,
Holy See,,,
Honduras,,,
Hungary,,,
Iceland,,,
India,,,
Indonesia,,,
Iran,,,
Iraq,,,
Ireland,,,
Israel,,,
Italy,,,
Jamaica,,,
Japan,,,
Jordan,,,
Kazakhstan,,,
Kenya,,,
"Korea, South",,,
Kosovo,,,
Kuwait,,,
Kyrgyzstan,,,
Laos,,,
Latvia,,,
Lebanon,,,
Lesotho,,,
Liberia,,,
Libya,,,
Liechtenstein,,,
Lithuania,,,
Luxembourg,,,
MS Zaandam,,,
Madagascar,,,
Malawi,,,
Malaysia,,,
Maldives,,,
Mali,,,
Malta,,,
Marshall Islands,,,
Mauritania,,,
Mauritius,,,
Mexico,,,
Micronesia,,,
Moldova,,,
Monaco,,,
Mongolia,,,
Montenegro,,,
Morocco,,,
Mozambique,,,
Namibia,,,
Nepal,,,
Netherlands,,,
New Zealand,,,
Nicaragua,,,
Niger,,,
Nigeria,,,
North Macedonia,,,
Norway,,,
Oman,,,
Pakistan,,,
Panama,,,
Papua New Guinea,,,
Paraguay,,,
Peru,29195,0,842
Philippines,29195,0,842
Poland,29195,0,842
Portugal,29195,0,842
Qatar,29195,0,842
Romania,29195,0,842
Russia,29195,0,842
Rwanda,29195,0,842
Saint Kitts and Nevis,29195,0,842
Saint Lucia,29195,0,842
Saint Vincent and the Grenadines,29195,0,842
Samoa,29195,0,842
San Marino,29195,0,842
Sao Tome and Principe,29195,0,842
Saudi Arabia,29195,0,842
Senegal,29195,0,842
Serbia,29195,0,842
Seychelles,29195,0,842
Sierra Leone,29195,0,842
Singapore,29195,0,842
Slovakia,29195,0,842
Slovenia,29195,0,842
Solomon Islands,29195,0,842
Somalia,29195,0,842
South Africa,29195,0,842
South Sudan,29195,0,842
Spain,29195,0,842
Sri Lanka,29195,0,842
Sudan,29195,0,842
Suriname,29195,0,842
Sweden,29195,0,842
Switzerland,29195,0,842
Syria,29195,0,842
Taiwan*,29195,0,842
Tajikistan,29195,0,842
Tanzania,29195,0,842
Thailand,29195,0,842
Timor-Leste,29195,0,842
Togo,29195,0,842
Trinidad and Tobago,29195,0,842
Tunisia,29195,0,842
Turkey,29195,0,842
Uganda,29195,0,842
Ukraine,29195,0,842
United Arab Emirates,29195,0,842
United Kingdom,29195,0,842
Uruguay,29195,0,842
Uzbekistan,29195,0,842
Vanuatu,29195,0,842
Venezuela,29195,0,842
Vietnam,29195,0,842
West Bank and Gaza,29195,0,842
Yemen,29195,0,842
Zambia,29195,0,842
Zimbabwe,29195,0,842
US,29195,0,842
Global,29195,0,842
Afghanistan,,,
Albania,,,
Algeria,,,
Andorra,,,
Angola,27284,24190,609
Antigua and Barbuda,27284,24190,609
Argentina,27284,24190,609
Armenia,27284,24190,609
Australia,27284,24190,609
Austria,27284,24190,609
Azerbaijan,27284,24190,609
Bahamas,27284,24190,609
Bahrain,27284,24190,609
Bangladesh,27284,24190,609
Barbados,27284,24190,609
Belarus,27284,24190,609
Belgium,27284,24190,609
Belize,27284,24190,609
Benin,27284,24190,609
Bhutan,27284,24190,609
Bolivia,27284,24190,609
Bosnia and Herzegovina,27284,24190,609
Botswana,27284,24190,609
Brazil,27284,24190,609
Brunei,27284,24190,609
Bulgaria,27284,24190,609
Burkina Faso,27284,24190,609
Burma,27284,24190,609
Burundi,27284,24190,609
Cabo Verde,27284,24190,609
Cambodia,27284,24190,609
Cameroon,27284,24190,609
Canada,27284,24190,609
Central African Republic,27284,24190,609
Chad,27284,24190,609
Chile,27284,24190,609
China,27284,24190,609
Colombia,27284,24190,609
Comoros,27284,24190,609
Congo (Brazzaville),27284,24190,609
Congo (Kinshasa),27284,24190,609
Costa Rica,27284,24190,609
Cote d'Ivoire,27284,24190,609
Croatia,27284,24190,609
Cuba,27284,24190,609
Cyprus,27284,24190,609
Czechia,27284,24190,609
Denmark,27284,24190,609
Diamond Princess,27284,24190,609
Djibouti,27284,24190,609
Dominica,27284,24190,609
Dominican Republic,27284,24190,609
Ecuador,27284,24190,609
Egypt,27284,24190,609
El Salvador,27284,24190,609
Equatorial Guinea,27284,24190,609
Eritrea,27284,24190,609
Estonia,27284,24190,609
Eswatini,27284,24190,609
Ethiopia,27284,24190,609
Fiji,27284,24190,609
Finland,27284,24190,609
France,27284,24190,609
Gabon,27284,24190,609
Gambia,27284,24190,609
Georgia,27284,24190,609
Germany,27284,24190,609
Ghana,27284,24190,609
Greece,27284,24190,609
Grenada,27284,24190,609
Guatemala,27284,24190,609
Guinea,27284,24190,609
Guinea-Bissau,27284,24190,609
Guyana,27284,24190,609
Haiti,27284,24190,609
Holy See,27284,24190,609
Honduras,27284,24190,609
Hungary,27284,24190,609
Iceland,27284,24190,609
India,27284,24190,609
Indonesia,27284,24190,609
Iran,27284,24190,609
Iraq,27284,24190,609
Ireland,27284,24190,609
Israel,27284,24190,609
Italy,27284,24190,609
Jamaica,27284,24190,609
Japan,27284,24190,609
Jordan,27284,24190,609
Kazakhstan,27284,24190,609
Kenya,27284,24190,609
"Korea, South",27284,24190,609
Kosovo,27284,24190,609
Kuwait,27284,24190,609
Kyrgyzstan,27284,24190,609
Laos,27284,24190,609
Latvia,27284,24190,609
Lebanon,27284,24190,609
Lesotho,27284,24190,609
Liberia,27284,24190,609
Libya,27284,24190,609
Liechtenstein,27284,24190,609
Lithuania,27284,24190,609
Luxembourg,27284,24190,609
MS Zaandam,27284,24190,609
Madagascar,27284,24190,609
Malawi,27284,24190,609
Malaysia,27284,24190,609
Maldives,27284,24190,609
Mali,27284,24190,609
Malta,27284,24190,609
Marshall Islands,27284,24190,609
Mauritania,27284,24190,609
Mauritius,27284,24190,609
Mexico,27284,24190,609
Micronesia,27284,24190,609
Moldova,27284,24190,609
Monaco,27284,24190,609
Mongolia,27284,24190,609
Montenegro,27284,24190,609
Morocco,27284,24190,609
Mozambique,27284,24190,609
Namibia,27284,24190,609
Nepal,27284,24190,609
Netherlands,27284,24190,609
New Zealand,27284,24190,609
Nicaragua,27284,24190,609
Niger,27284,24190,609
Nigeria,27284,24190,609
North Macedonia,27284,24190,609
Norway,27284,24190,609
Oman,27284,24190,609
Pakistan,27284,24190,609
Panama,27284,24190,609
Papua New Guinea,27284,24190,609
Paraguay,27284,24190,609
Peru,27284,24190,609
Philippines,27284,24190,609
Poland,27284,24190,609
Portugal,27284,24190,609
Qatar,27284,24190,609
Romania,27284,24190,609
Russia,27284,24190,609
Rwanda,27284,24190,609
Saint Kitts and Nevis,27284,24190,609
Saint Lucia,27284,24190,609
Saint Vincent and the Grenadines,27284,24190,609
Samoa,27284,24190,609
San Marino,27284,24190,609
Sao Tome and Principe,27284,24190,609
Saudi Arabia,27284,24190,609
Senegal,27284,24190,609
Serbia,27284,24190,609
Seychelles,27284,24190,609
Sierra Leone,27284,24190,609
Singapore,27284,24190,609
Slovakia,27284,24190,609
Slovenia,27284,24190,609
Solomon Islands,27284,24190,609
Somalia,27284,24190,609
South Africa,27284,24190,609
South Sudan,27284,24190,609
Spain,27284,24190,609
Sri Lanka,27284,24190,609
Sudan,27284,24190,609
Suriname,27284,24190,609
Sweden,27284,24190,609
Switzerland,27284,24190,609
Syria,27284,24190,609
Taiwan*,27284,24190,609
Tajikistan,27284,24190,609
Tanzania,27284,24190,609
Thailand,27284,24190,609
Timor-Leste,27284,24190,609
Togo,27284,24190,609
Trinidad and Tobago,27284,24190,609
Tunisia,27284,24190,609
Turkey,27284,24190,609
Uganda,27284,24190,609
Ukraine,27284,24190,609
United Arab Emirates,27284,24190,609
United Kingdom,27284,24190,609
Uruguay,27284,24190,609
Uzbekistan,27284,24190,609
Vanuatu,27284,24190,609
Venezuela,27284,24190,609
Vietnam,27284,24190,609
West Bank and Gaza,27284,24190,609
Yemen,27284,24190,609
Zambia,27284,24190,609
Zimbabwe,27284,24190,609
US,27284,24190,609
Global,27284,24190,609
Afghanistan,,,
Albania,,,
Algeria,,,
Andorra,,,
Angola,,,
Antigua and Barbuda,,,
Argentina,,,
Armenia,,,
Australia,,,
Austria,,,
Azerbaijan,,,
Bahamas,,,
Bahrain,,,
Bangladesh,,,
Barbados,,,
Belarus,,,
Belgium,,,
Belize,,,
Benin,,,
Bhutan,,,
Bolivia,,,
Bosnia and Herzegovina,,,
Botswana,,,
Brazil,,,
Brunei,,,
Bulgaria,,,
Burkina Faso,,,
Burma,,,
Burundi,,,
Cabo Verde,,,
Cambodia,,,
Cameroon,,,
Canada,,,
Central African Republic,,,
Chad,,,
Chile,,,
China,,,
Colombia,,,
Comoros,,,
Congo (Brazzaville),,,
Congo (Kinshasa),,,
Costa Rica,,,
Cote d'Ivoire,,,
Croatia,,,
Cuba,,,
Cyprus,,,
Czechia,,,
Denmark,,,
Diamond Princess,,,
Djibouti,,,
Dominica,,,
Dominican Republic,,,
Ecuador,,,
Egypt,,,
El Salvador,,,
Equatorial Guinea,,,
Eritrea,,,
Estonia,,,
Eswatini,,,
Ethiopia,,,
Fiji,,,
Finland,,,
France,,,
Gabon,,,
Gambia,,,
Georgia,,,
Germany,,,
Ghana,,,
Greece,,,
Grenada,,,
Guatemala,,,
Guinea,,,
Guinea-Bissau,,,
Guyana,,,
Haiti,,,
Holy See,,,
Honduras,,,
Hungary,,,
Iceland,,,
India,,,
Indonesia,,,
Iran,,,
Iraq,,,
Ireland,,,
Israel,,,
Italy,,,
Jamaica,,,
Japan,,,
Jordan,,,
Kazakhstan,,,
Kenya,,,
"Korea, South",,,
Kosovo,,,
Kuwait,,,
Kyrgyzstan,,,
Laos,,,
Latvia,,,
Lebanon,,,
Lesotho,,,
Liberia,,,
Libya,,,
Liechtenstein,,,
Lithuania,,,
Luxembourg,,,
MS Zaandam,,,
Madagascar,,,
Malawi,,,
Malaysia,,,
Maldives,,,
Mali,,,
Malta,,,
Marshall Islands,,,
Mauritania,,,
Mauritius,,,
Mexico,,,
Micronesia,,,
Moldova,,,
Monaco,,,
Mongolia,,,
Montenegro,,,
Morocco,,,
Mozambique,,,
Namibia,,,
Nepal,,,
Netherlands,,,
New Zealand,,,
Nicaragua,,,
Niger,,,
Nigeria,,,
North Macedonia,,,
Norway,,,
Oman,,,
Pakistan,,,
Panama,,,
Papua New Guinea,,,
Paraguay,,,
Peru,,,
Philippines,,,
Poland,,,
Portugal,,,
Qatar,,,
Romania,,,
Russia,,,
Rwanda,,,
Saint Kitts and Nevis,,,
Saint Lucia,,,
Saint Vincent and the Grenadines,,,
Samoa,,,
San Marino,,,
Sao Tome and Principe,,,
Saudi Arabia,,,
Senegal,,,
Serbia,,,
Seychelles,,,
Sierra Leone,,,
Singapore,,,
Slovakia,,,
Slovenia,,,
Solomon Islands,,,
Somalia,,,
South Africa,,,
South Sudan,,,
Spain,,,
Sri Lanka,,,
Sudan,,,
Suriname,,,
Sweden,,,
Switzerland,,,
Syria,,,
Taiwan*,,,
Tajikistan,,,
Tanzania,,,
Thailand,,,
Timor-Leste,,,
Togo,,,
Trinidad and Tobago,,,
Tunisia,,,
Turkey,,,
Uganda,,,
Ukraine,,,
United Arab Emirates,,,
United Kingdom,,,
Uruguay,,,
Uzbekistan,,,
Vanuatu,,,
Venezuela,,,
Vietnam,,,
West Bank and Gaza,,,
Yemen,,,
Zambia,,,
Zimbabwe,,,
US,976768,0,12721
Global,976768,0,12721
Afghanistan,,,
Albania,,,
Algeria,,,
Andorra,,,
Angola,,,
Antigua and Barbuda,,,
Argentina,,,
Armenia,,,
Australia,,,
Austria,,,
Azerbaijan,,,
Bahamas,,,
Bahrain,,,
Bangladesh,,,
Barbados,,,
Belarus,,,
Belgium,,,
Belize,,,
Benin,,,
Bhutan,,,
Bolivia,,,
Bosnia and Herzegovina,,,
Botswana,,,
Brazil,899768,864381,13859
Brunei,899768,864381,13859
Bulgaria,899768,864381,13859
Burkina Faso,899768,864381,13859
Burma,899768,864381,13859
Burundi,899768,864381,13859
Cabo Verde,899768,864381,13859
Cambodia,899768,864381,13859
Cameroon,899768,864381,13859
Canada,899768,864381,13859
Central African Republic,899768,864381,13859
Chad,899768,864381,13859
Chile,899768,864381,13859
China,899768,864381,13859
Colombia,899768,864381,13859
Comoros,899768,864381,13859
Congo (Brazzaville),899768,864381,13859
Congo (Kinshasa),899768,864381,13859
Costa Rica,899768,864381,13859
Cote d'Ivoire,899768,864381,13859
Croatia,899768,864381,13859
Cuba,899768,864381,13859
Cyprus,899768,864381,13859
Czechia,899768,864381,13859
Denmark,899768,864381,13859
Diamond Princess,899768,864381,13859
Djibouti,899768,864381,13859
Dominica,899768,864381,13859
Dominican Republic,899768,864381,13859
Ecuador,899768,864381,13859
Egypt,899768,864381,13859
El Salvador,899768,864381,13859
Equatorial Guinea,899768,864381,13859
Eritrea,899768,864381,13859
Estonia,899768,864381,13859
Eswatini,899768,864381,13859
Ethiopia,899768,864381,13859
Fiji,899768,864381,13859
Finland,899768,864381,13859
France,899768,864381,13859
Gabon,899768,864381,13859
Gambia,899768,864381,13859
Georgia,899768,864381,13859
Germany,899768,864381,13859
Ghana,899768,864381,13859
Greece,899768,864381,13859
Grenada,899768,864381,13859
Guatemala,899768,864381,13859
Guinea,899768,864381,13859
Guinea-Bissau,899768,864381,13859
Guyana,899768,864381,13859
Haiti,899768,864381,13859
Holy See,899768,864381,13859
Honduras,899768,864381,13859
Hungary,899768,864381,13859
Iceland,899768,864381,13859
India,899768,864381,13859
Indonesia,899768,864381,13859
Iran,899768,864381,13859
Iraq,899768,864381,13859
Ireland,899768,864381,13859
Israel,899768,864381,13859
Italy,899768,864381,13859
Jamaica,899768,864381,13859
Japan,899768,864381,13859
Jordan,899768,864381,13859
Kazakhstan,899768,864381,13859
Kenya,899768,864381,13859
"Korea, South",899768,864381,13859
Kosovo,899768,864381,13859
Kuwait,899768,864381,13859
Kyrgyzstan,899768,864381,13859
Laos,899768,864381,13859
Latvia,899768,864381,13859
Lebanon,899768,864381,13859
Lesotho,899768,864381,13859
Liberia,899768,864381,13859
Libya,899768,864381,13859
Liechtenstein,899768,864381,13859
Lithuania,899768,864381,13859
Luxembourg,899768,864381,13859
MS Zaandam,899768,864381,13859
Madagascar,899768,864381,13859
Malawi,899768,864381,13859
Malaysia,899768,864381,13859
Maldives,899768,864381,13859
Mali,899768,864381,13859
Malta,899768,864381,13859
Marshall Islands,899768,864381,13859
Mauritania,899768,864381,13859
Mauritius,899768,864381,13859
Mexico,899768,864381,13859
Micronesia,899768,864381,13859
Moldova,899768,864381,13859
Monaco,899768,864381,13859
Mongolia,899768,864381,13859
Montenegro,899768,864381,13859
Morocco,899768,864381,13859
Mozambique,899768,864381,13859
Namibia,899768,864381,13859
Nepal,899768,864381,13859
Netherlands,899768,864381,13859
New Zealand,899768,864381,13859
Nicaragua,899768,864381,13859
Niger,899768,864381,13859
Nigeria,899768,864381,13859
North Macedonia,899768,864381,13859
Norway,899768,864381,13859
Oman,899768,864381,13859
Pakistan,899768,864381,13859
Panama,899768,864381,13859
Papua New Guinea,899768,864381,13859
Paraguay,899768,864381,13859
Peru,899768,864381,13859
Philippines,899768,864381,13859
Poland,899768,864381,13859
Portugal,899768,864381,13859
Qatar,899768,864381,13859
Romania,899768,864381,13859
Russia,899768,864381,13859
Rwanda,899768,864381,13859
Saint Kitts and Nevis,899768,864381,13859
Saint Lucia,899768,864381,13859
Saint Vincent and the Grenadines,899768,864381,13859
Samoa,899768,864381,13859
San Marino,899768,864381,13859
Sao Tome and Principe,899768,864381,13859
Saudi Arabia,899768,864381,13859
Senegal,899768,864381,13859
Serbia,899768,864381,13859
Seychelles,899768,864381,13859
Sierra Leone,899768,864381,13859
Singapore,899768,864381,13859
Slovakia,899768,864381,13859
Slovenia,899768,864381,13859
Solomon Islands,899768,864381,13859
Somalia,899768,864381,13859
South Africa,899768,864381,13859
South Sudan,899768,864381,13859
Spain,899768,864381,13859
Sri Lanka,899768,864381,13859
Sudan,899768,864381,13859
Suriname,899768,864381,13859
Sweden,899768,864381,13859
Switzerland,899768,864381,13859
Syria,899768,864381,13859
Taiwan*,899768,864381,13859
Tajikistan,899768,864381,13859
Tanzania,899768,864381,13859
Thailand,899768,864381,13859
Timor-Leste,899768,864381,13859
Togo,899768,864381,13859
Trinidad and Tobago,899768,864381,13859
Tunisia,899768,864381,13859
Turkey,899768,864381,13859
Uganda,899768,864381,13859
Ukraine,899768,864381,13859
United Arab Emirates,899768,864381,13859
United Kingdom,899768,864381,13859
Uruguay,899768,864381,13859
Uzbekistan,899768,864381,13859
Vanuatu,899768,864381,13859
Venezuela,899768,864381,13859
Vietnam,899768,864381,13859
West Bank and Gaza,899768,864381,13859
Yemen,899768,864381,13859
Zambia,899768,864381,13859
Zimbabwe,899768,864381,13859
US,899768,864381,13859
Global,899768,864381,13859
Afghanistan,,,
Albania,,,
Algeria,,,
Andorra,,,
Angola,,,
Antigua and Barbuda,,,
Argentina,,,
Armenia,,,
Australia,,,
Austria,,,
Azerbaijan,,,
Bahamas,,,
Bahrain,,,
Bangladesh,,,
Barbados,,,
Belarus,,,
Belgium,,,
Belize,,,
Benin,,,
Bhutan,,,
Bolivia,,,
Bosnia and Herzegovina,,,
Botswana,,,
Brazil,,,
Brunei,,,
Bulgaria,,,
Burkina Faso,,,
Burma,,,
Burundi,,,
Cabo Verde,,,
Cambodia,,,
Cameroon,,,
Canada,,,
Central African Republic,,,
Chad,,,
Chile,,,
China,,,
Colombia,,,
Comoros,,,
Congo (Brazzaville),,,
Congo (Kinshasa),,,
Costa Rica,,,
Cote d'Ivoire,,,
Croatia,,,
Cuba,,,
Cyprus,,,
Czechia,,,
Denmark,,,
Diamond Princess,,,
Djibouti,,,
Dominica,,,
Dominican Republic,,,
Ecuador,,,
Egypt,,,
El Salvador,,,
Equatorial Guinea,,,
Eritrea,,,
Estonia,,,
Eswatini,,,
Ethiopia,,,
Fiji,,,
Finland,,,
France,,,
Gabon,,,
Gambia,,,
Georgia,,,
Germany,,,
Ghana,,,
Greece,,,
Grenada,,,
Guatemala,,,
Guinea,,,
Guinea-Bissau,,,
Guyana,,,
Haiti,,,
Holy See,,,
Honduras,,,
Hungary,,,
Iceland,,,
India,,,
Indonesia,,,
Iran,,,
Iraq,,,
Ireland,,,
Israel,,,
Italy,,,
Jamaica,,,
Japan,,,
Jordan,,,
Kazakhstan,,,
Kenya,,,
"Korea, South",,,
Kosovo,,,
Kuwait,,,
Kyrgyzstan,,,
Laos,,,
Latvia,,,
Lebanon,,,
Lesotho,,,
Liberia,,,
Libya,,,
Liechtenstein,,,
Lithuania,,,
Luxembourg,,,
MS Zaandam,,,
Madagascar,,,
Malawi,,,
Malaysia,,,
Maldives,,,
Mali,,,
Malta,,,
Marshall Islands,,,
Mauritania,,,
Mauritius,,,
Mexico,,,
Micronesia,,,
Moldova,,,
Monaco,,,
Mongolia,,,
Montenegro,,,
Morocco,,,
Mozambique,,,
Namibia,,,
Nepal,,,
Netherlands,,,
New Zealand,,,
Nicaragua,,,
Niger,,,
Nigeria,,,
North Macedonia,,,
Norway,,,
Oman,,,
Pakistan,,,
Panama,,,
Papua New Guinea,,,
Paraguay,,,
Peru,,,
Philippines,,,
Poland,,,
Portugal,,,
Qatar,,,
Romania,,,
Russia,,,
Rwanda,,,
Saint Kitts and Nevis,,,
Saint Lucia,,,
Saint Vincent and the Grenadines,,,
Samoa,,,
San Marino,,,
Sao Tome and Principe,,,
Saudi Arabia,,,
Senegal,,,
Serbia,,,
Seychelles,,,
Sierra Leone,,,
Singapore,,,
Slovakia,,,
Slovenia,,,
Solomon Islands,,,
Somalia,,,
South Africa,,,
South Sudan,,,
Spain,,,
Sri Lanka,117529,100075,734
Sudan,117529,100075,734
Suriname,117529,100075,734
Sweden,117529,100075,734
Switzerland,117529,100075,734
Syria,117529,100075,734
Taiwan*,117529,100075,734
Tajikistan,117529,100075,734
Tanzania,117529,100075,734
Thailand,117529,100075,734
Timor-Leste,117529,100075,734
Togo,117529,100075,734
Trinidad and Tobago,117529,100075,734
Tunisia,117529,100075,734
Turkey,117529,100075,734
Uganda,117529,100075,734
Ukraine,117529,100075,734
United Arab Emirates,117529,100075,734
United Kingdom,117529,100075,734
Uruguay,117529,100075,734
Uzbekistan,117529,100075,734
Vanuatu,117529,100075,734
Venezuela,117529,100075,734
Vietnam,117529,100075,734
West Bank and Gaza,117529,100075,734
Yemen,117529,100075,734
Zambia,117529,100075,734
Zimbabwe,117529,100075,734
US,117529,100075,734
Global,117529,100075,734
